date,date_key,year,month,month_name,quarter,day,day_name,week
2018-08-07,20180807,2018,8,August,3,7,Tuesday,32
2018-08-08,20180808,2018,8,August,3,8,Wednesday,32
2018-08-09,20180809,2018,8,August,3,9,Thursday,32
2018-08-10,20180810,2018,8,August,3,10,Friday,32
2018-08-11,20180811,2018,8,August,3,11,Saturday,32
2018-08-12,20180812,2018,8,August,3,12,Sunday,32
2018-08-13,20180813,2018,8,August,3,13,Monday,33
2018-08-14,20180814,2018,8,August,3,14,Tuesday,33
2018-08-15,20180815,2018,8,August,3,15,Wednesday,33
2018-08-16,20180816,2018,8,August,3,16,Thursday,33
2018-08-17,20180817,2018,8,August,3,17,Friday,33
2018-08-18,20180818,2018,8,August,3,18,Saturday,33
2018-08-19,20180819,2018,8,August,3,19,Sunday,33
2018-08-20,20180820,2018,8,August,3,20,Monday,34
2018-08-21,20180821,2018,8,August,3,21,Tuesday,34
2018-08-22,20180822,2018,8,August,3,22,Wednesday,34
2018-08-23,20180823,2018,8,August,3,23,Thursday,34
2018-08-24,20180824,2018,8,August,3,24,Friday,34
2018-08-25,20180825,2018,8,August,3,25,Saturday,34
2018-08-26,20180826,2018,8,August,3,26,Sunday,34
2018-08-27,20180827,2018,8,August,3,27,Monday,35
2018-08-28,20180828,2018,8,August,3,28,Tuesday,35
2018-08-29,20180829,2018,8,August,3,29,Wednesday,35
2018-08-30,20180830,2018,8,August,3,30,Thursday,35
2018-08-31,20180831,2018,8,August,3,31,Friday,35
2018-09-01,20180901,2018,9,September,3,1,Saturday,35
2018-09-02,20180902,2018,9,September,3,2,Sunday,35
2018-09-03,20180903,2018,9,September,3,3,Monday,36
2018-09-04,20180904,2018,9,September,3,4,Tuesday,36
2018-09-05,20180905,2018,9,September,3,5,Wednesday,36
2018-09-06,20180906,2018,9,September,3,6,Thursday,36
2018-09-07,20180907,2018,9,September,3,7,Friday,36
2018-09-08,20180908,2018,9,September,3,8,Saturday,36
2018-09-09,20180909,2018,9,September,3,9,Sunday,36
2018-09-10,20180910,2018,9,September,3,10,Monday,37
2018-09-11,20180911,2018,9,September,3,11,Tuesday,37
2018-09-12,20180912,2018,9,September,3,12,Wednesday,37
2018-09-13,20180913,2018,9,September,3,13,Thursday,37
2018-09-14,20180914,2018,9,September,3,14,Friday,37
2018-09-15,20180915,2018,9,September,3,15,Saturday,37
2018-09-16,20180916,2018,9,September,3,16,Sunday,37
2018-09-17,20180917,2018,9,September,3,17,Monday,38
2018-09-18,20180918,2018,9,September,3,18,Tuesday,38
2018-09-19,20180919,2018,9,September,3,19,Wednesday,38
2018-09-20,20180920,2018,9,September,3,20,Thursday,38
2018-09-21,20180921,2018,9,September,3,21,Friday,38
2018-09-22,20180922,2018,9,September,3,22,Saturday,38
2018-09-23,20180923,2018,9,September,3,23,Sunday,38
2018-09-24,20180924,2018,9,September,3,24,Monday,39
2018-09-25,20180925,2018,9,September,3,25,Tuesday,39
2018-09-26,20180926,2018,9,September,3,26,Wednesday,39
2018-09-27,20180927,2018,9,September,3,27,Thursday,39
2018-09-28,20180928,2018,9,September,3,28,Friday,39
2018-09-29,20180929,2018,9,September,3,29,Saturday,39
2018-09-30,20180930,2018,9,September,3,30,Sunday,39
2018-10-01,20181001,2018,10,October,4,1,Monday,40
2018-10-02,20181002,2018,10,October,4,2,Tuesday,40
2018-10-03,20181003,2018,10,October,4,3,Wednesday,40
2018-10-04,20181004,2018,10,October,4,4,Thursday,40
2018-10-05,20181005,2018,10,October,4,5,Friday,40
2018-10-06,20181006,2018,10,October,4,6,Saturday,40
2018-10-07,20181007,2018,10,October,4,7,Sunday,40
2018-10-08,20181008,2018,10,October,4,8,Monday,41
2018-10-09,20181009,2018,10,October,4,9,Tuesday,41
2018-10-10,20181010,2018,10,October,4,10,Wednesday,41
2018-10-11,20181011,2018,10,October,4,11,Thursday,41
2018-10-12,20181012,2018,10,October,4,12,Friday,41
2018-10-13,20181013,2018,10,October,4,13,Saturday,41
2018-10-14,20181014,2018,10,October,4,14,Sunday,41
2018-10-15,20181015,2018,10,October,4,15,Monday,42
2018-10-16,20181016,2018,10,October,4,16,Tuesday,42
2018-10-17,20181017,2018,10,October,4,17,Wednesday,42
2018-10-18,20181018,2018,10,October,4,18,Thursday,42
2018-10-19,20181019,2018,10,October,4,19,Friday,42
2018-10-20,20181020,2018,10,October,4,20,Saturday,42
2018-10-21,20181021,2018,10,October,4,21,Sunday,42
2018-10-22,20181022,2018,10,October,4,22,Monday,43
2018-10-23,20181023,2018,10,October,4,23,Tuesday,43
2018-10-24,20181024,2018,10,October,4,24,Wednesday,43
2018-10-25,20181025,2018,10,October,4,25,Thursday,43
2018-10-26,20181026,2018,10,October,4,26,Friday,43
2018-10-27,20181027,2018,10,October,4,27,Saturday,43
2018-10-28,20181028,2018,10,October,4,28,Sunday,43
2018-10-29,20181029,2018,10,October,4,29,Monday,44
2018-10-30,20181030,2018,10,October,4,30,Tuesday,44
2018-10-31,20181031,2018,10,October,4,31,Wednesday,44
2018-11-01,20181101,2018,11,November,4,1,Thursday,44
2018-11-02,20181102,2018,11,November,4,2,Friday,44
2018-11-03,20181103,2018,11,November,4,3,Saturday,44
2018-11-04,20181104,2018,11,November,4,4,Sunday,44
2018-11-05,20181105,2018,11,November,4,5,Monday,45
2018-11-06,20181106,2018,11,November,4,6,Tuesday,45
2018-11-07,20181107,2018,11,November,4,7,Wednesday,45
2018-11-08,20181108,2018,11,November,4,8,Thursday,45
2018-11-09,20181109,2018,11,November,4,9,Friday,45
2018-11-10,20181110,2018,11,November,4,10,Saturday,45
2018-11-11,20181111,2018,11,November,4,11,Sunday,45
2018-11-12,20181112,2018,11,November,4,12,Monday,46
2018-11-13,20181113,2018,11,November,4,13,Tuesday,46
2018-11-14,20181114,2018,11,November,4,14,Wednesday,46
2018-11-15,20181115,2018,11,November,4,15,Thursday,46
2018-11-16,20181116,2018,11,November,4,16,Friday,46
2018-11-17,20181117,2018,11,November,4,17,Saturday,46
2018-11-18,20181118,2018,11,November,4,18,Sunday,46
2018-11-19,20181119,2018,11,November,4,19,Monday,47
2018-11-20,20181120,2018,11,November,4,20,Tuesday,47
2018-11-21,20181121,2018,11,November,4,21,Wednesday,47
2018-11-22,20181122,2018,11,November,4,22,Thursday,47
2018-11-23,20181123,2018,11,November,4,23,Friday,47
2018-11-24,20181124,2018,11,November,4,24,Saturday,47
2018-11-25,20181125,2018,11,November,4,25,Sunday,47
2018-11-26,20181126,2018,11,November,4,26,Monday,48
2018-11-27,20181127,2018,11,November,4,27,Tuesday,48
2018-11-28,20181128,2018,11,November,4,28,Wednesday,48
2018-11-29,20181129,2018,11,November,4,29,Thursday,48
2018-11-30,20181130,2018,11,November,4,30,Friday,48
2018-12-01,20181201,2018,12,December,4,1,Saturday,48
2018-12-02,20181202,2018,12,December,4,2,Sunday,48
2018-12-03,20181203,2018,12,December,4,3,Monday,49
2018-12-04,20181204,2018,12,December,4,4,Tuesday,49
2018-12-05,20181205,2018,12,December,4,5,Wednesday,49
2018-12-06,20181206,2018,12,December,4,6,Thursday,49
2018-12-07,20181207,2018,12,December,4,7,Friday,49
2018-12-08,20181208,2018,12,December,4,8,Saturday,49
2018-12-09,20181209,2018,12,December,4,9,Sunday,49
2018-12-10,20181210,2018,12,December,4,10,Monday,50
2018-12-11,20181211,2018,12,December,4,11,Tuesday,50
2018-12-12,20181212,2018,12,December,4,12,Wednesday,50
2018-12-13,20181213,2018,12,December,4,13,Thursday,50
2018-12-14,20181214,2018,12,December,4,14,Friday,50
2018-12-15,20181215,2018,12,December,4,15,Saturday,50
2018-12-16,20181216,2018,12,December,4,16,Sunday,50
2018-12-17,20181217,2018,12,December,4,17,Monday,51
2018-12-18,20181218,2018,12,December,4,18,Tuesday,51
2018-12-19,20181219,2018,12,December,4,19,Wednesday,51
2018-12-20,20181220,2018,12,December,4,20,Thursday,51
2018-12-21,20181221,2018,12,December,4,21,Friday,51
2018-12-22,20181222,2018,12,December,4,22,Saturday,51
2018-12-23,20181223,2018,12,December,4,23,Sunday,51
2018-12-24,20181224,2018,12,December,4,24,Monday,52
2018-12-25,20181225,2018,12,December,4,25,Tuesday,52
2018-12-26,20181226,2018,12,December,4,26,Wednesday,52
2018-12-27,20181227,2018,12,December,4,27,Thursday,52
2018-12-28,20181228,2018,12,December,4,28,Friday,52
2018-12-29,20181229,2018,12,December,4,29,Saturday,52
2018-12-30,20181230,2018,12,December,4,30,Sunday,52
2018-12-31,20181231,2018,12,December,4,31,Monday,1
2019-01-01,20190101,2019,1,January,1,1,Tuesday,1
2019-01-02,20190102,2019,1,January,1,2,Wednesday,1
2019-01-03,20190103,2019,1,January,1,3,Thursday,1
2019-01-04,20190104,2019,1,January,1,4,Friday,1
2019-01-05,20190105,2019,1,January,1,5,Saturday,1
2019-01-06,20190106,2019,1,January,1,6,Sunday,1
2019-01-07,20190107,2019,1,January,1,7,Monday,2
2019-01-08,20190108,2019,1,January,1,8,Tuesday,2
2019-01-09,20190109,2019,1,January,1,9,Wednesday,2
2019-01-10,20190110,2019,1,January,1,10,Thursday,2
2019-01-11,20190111,2019,1,January,1,11,Friday,2
2019-01-12,20190112,2019,1,January,1,12,Saturday,2
2019-01-13,20190113,2019,1,January,1,13,Sunday,2
2019-01-14,20190114,2019,1,January,1,14,Monday,3
2019-01-15,20190115,2019,1,January,1,15,Tuesday,3
2019-01-16,20190116,2019,1,January,1,16,Wednesday,3
2019-01-17,20190117,2019,1,January,1,17,Thursday,3
2019-01-18,20190118,2019,1,January,1,18,Friday,3
2019-01-19,20190119,2019,1,January,1,19,Saturday,3
2019-01-20,20190120,2019,1,January,1,20,Sunday,3
2019-01-21,20190121,2019,1,January,1,21,Monday,4
2019-01-22,20190122,2019,1,January,1,22,Tuesday,4
2019-01-23,20190123,2019,1,January,1,23,Wednesday,4
2019-01-24,20190124,2019,1,January,1,24,Thursday,4
2019-01-25,20190125,2019,1,January,1,25,Friday,4
2019-01-26,20190126,2019,1,January,1,26,Saturday,4
2019-01-27,20190127,2019,1,January,1,27,Sunday,4
2019-01-28,20190128,2019,1,January,1,28,Monday,5
2019-01-29,20190129,2019,1,January,1,29,Tuesday,5
2019-01-30,20190130,2019,1,January,1,30,Wednesday,5
2019-01-31,20190131,2019,1,January,1,31,Thursday,5
2019-02-01,20190201,2019,2,February,1,1,Friday,5
2019-02-02,20190202,2019,2,February,1,2,Saturday,5
2019-02-03,20190203,2019,2,February,1,3,Sunday,5
2019-02-04,20190204,2019,2,February,1,4,Monday,6
2019-02-05,20190205,2019,2,February,1,5,Tuesday,6
2019-02-06,20190206,2019,2,February,1,6,Wednesday,6
2019-02-07,20190207,2019,2,February,1,7,Thursday,6
2019-02-08,20190208,2019,2,February,1,8,Friday,6
2019-02-09,20190209,2019,2,February,1,9,Saturday,6
2019-02-10,20190210,2019,2,February,1,10,Sunday,6
2019-02-11,20190211,2019,2,February,1,11,Monday,7
2019-02-12,20190212,2019,2,February,1,12,Tuesday,7
2019-02-13,20190213,2019,2,February,1,13,Wednesday,7
2019-02-14,20190214,2019,2,February,1,14,Thursday,7
2019-02-15,20190215,2019,2,February,1,15,Friday,7
2019-02-16,20190216,2019,2,February,1,16,Saturday,7
2019-02-17,20190217,2019,2,February,1,17,Sunday,7
2019-02-18,20190218,2019,2,February,1,18,Monday,8
2019-02-19,20190219,2019,2,February,1,19,Tuesday,8
2019-02-20,20190220,2019,2,February,1,20,Wednesday,8
2019-02-21,20190221,2019,2,February,1,21,Thursday,8
2019-02-22,20190222,2019,2,February,1,22,Friday,8
2019-02-23,20190223,2019,2,February,1,23,Saturday,8
2019-02-24,20190224,2019,2,February,1,24,Sunday,8
2019-02-25,20190225,2019,2,February,1,25,Monday,9
2019-02-26,20190226,2019,2,February,1,26,Tuesday,9
2019-02-27,20190227,2019,2,February,1,27,Wednesday,9
2019-02-28,20190228,2019,2,February,1,28,Thursday,9
2019-03-01,20190301,2019,3,March,1,1,Friday,9
2019-03-02,20190302,2019,3,March,1,2,Saturday,9
2019-03-03,20190303,2019,3,March,1,3,Sunday,9
2019-03-04,20190304,2019,3,March,1,4,Monday,10
2019-03-05,20190305,2019,3,March,1,5,Tuesday,10
2019-03-06,20190306,2019,3,March,1,6,Wednesday,10
2019-03-07,20190307,2019,3,March,1,7,Thursday,10
2019-03-08,20190308,2019,3,March,1,8,Friday,10
2019-03-09,20190309,2019,3,March,1,9,Saturday,10
2019-03-10,20190310,2019,3,March,1,10,Sunday,10
2019-03-11,20190311,2019,3,March,1,11,Monday,11
2019-03-12,20190312,2019,3,March,1,12,Tuesday,11
2019-03-13,20190313,2019,3,March,1,13,Wednesday,11
2019-03-14,20190314,2019,3,March,1,14,Thursday,11
2019-03-15,20190315,2019,3,March,1,15,Friday,11
2019-03-16,20190316,2019,3,March,1,16,Saturday,11
2019-03-17,20190317,2019,3,March,1,17,Sunday,11
2019-03-18,20190318,2019,3,March,1,18,Monday,12
2019-03-19,20190319,2019,3,March,1,19,Tuesday,12
2019-03-20,20190320,2019,3,March,1,20,Wednesday,12
2019-03-21,20190321,2019,3,March,1,21,Thursday,12
2019-03-22,20190322,2019,3,March,1,22,Friday,12
2019-03-23,20190323,2019,3,March,1,23,Saturday,12
2019-03-24,20190324,2019,3,March,1,24,Sunday,12
2019-03-25,20190325,2019,3,March,1,25,Monday,13
2019-03-26,20190326,2019,3,March,1,26,Tuesday,13
2019-03-27,20190327,2019,3,March,1,27,Wednesday,13
2019-03-28,20190328,2019,3,March,1,28,Thursday,13
2019-03-29,20190329,2019,3,March,1,29,Friday,13
2019-03-30,20190330,2019,3,March,1,30,Saturday,13
2019-03-31,20190331,2019,3,March,1,31,Sunday,13
2019-04-01,20190401,2019,4,April,2,1,Monday,14
2019-04-02,20190402,2019,4,April,2,2,Tuesday,14
2019-04-03,20190403,2019,4,April,2,3,Wednesday,14
2019-04-04,20190404,2019,4,April,2,4,Thursday,14
2019-04-05,20190405,2019,4,April,2,5,Friday,14
2019-04-06,20190406,2019,4,April,2,6,Saturday,14
2019-04-07,20190407,2019,4,April,2,7,Sunday,14
2019-04-08,20190408,2019,4,April,2,8,Monday,15
2019-04-09,20190409,2019,4,April,2,9,Tuesday,15
2019-04-10,20190410,2019,4,April,2,10,Wednesday,15
2019-04-11,20190411,2019,4,April,2,11,Thursday,15
2019-04-12,20190412,2019,4,April,2,12,Friday,15
2019-04-13,20190413,2019,4,April,2,13,Saturday,15
2019-04-14,20190414,2019,4,April,2,14,Sunday,15
2019-04-15,20190415,2019,4,April,2,15,Monday,16
2019-04-16,20190416,2019,4,April,2,16,Tuesday,16
2019-04-17,20190417,2019,4,April,2,17,Wednesday,16
2019-04-18,20190418,2019,4,April,2,18,Thursday,16
2019-04-19,20190419,2019,4,April,2,19,Friday,16
2019-04-20,20190420,2019,4,April,2,20,Saturday,16
2019-04-21,20190421,2019,4,April,2,21,Sunday,16
2019-04-22,20190422,2019,4,April,2,22,Monday,17
2019-04-23,20190423,2019,4,April,2,23,Tuesday,17
2019-04-24,20190424,2019,4,April,2,24,Wednesday,17
2019-04-25,20190425,2019,4,April,2,25,Thursday,17
2019-04-26,20190426,2019,4,April,2,26,Friday,17
2019-04-27,20190427,2019,4,April,2,27,Saturday,17
2019-04-28,20190428,2019,4,April,2,28,Sunday,17
2019-04-29,20190429,2019,4,April,2,29,Monday,18
2019-04-30,20190430,2019,4,April,2,30,Tuesday,18
2019-05-01,20190501,2019,5,May,2,1,Wednesday,18
2019-05-02,20190502,2019,5,May,2,2,Thursday,18
2019-05-03,20190503,2019,5,May,2,3,Friday,18
2019-05-04,20190504,2019,5,May,2,4,Saturday,18
2019-05-05,20190505,2019,5,May,2,5,Sunday,18
2019-05-06,20190506,2019,5,May,2,6,Monday,19
2019-05-07,20190507,2019,5,May,2,7,Tuesday,19
2019-05-08,20190508,2019,5,May,2,8,Wednesday,19
2019-05-09,20190509,2019,5,May,2,9,Thursday,19
2019-05-10,20190510,2019,5,May,2,10,Friday,19
2019-05-11,20190511,2019,5,May,2,11,Saturday,19
2019-05-12,20190512,2019,5,May,2,12,Sunday,19
2019-05-13,20190513,2019,5,May,2,13,Monday,20
2019-05-14,20190514,2019,5,May,2,14,Tuesday,20
2019-05-15,20190515,2019,5,May,2,15,Wednesday,20
2019-05-16,20190516,2019,5,May,2,16,Thursday,20
2019-05-17,20190517,2019,5,May,2,17,Friday,20
2019-05-18,20190518,2019,5,May,2,18,Saturday,20
2019-05-19,20190519,2019,5,May,2,19,Sunday,20
2019-05-20,20190520,2019,5,May,2,20,Monday,21
2019-05-21,20190521,2019,5,May,2,21,Tuesday,21
2019-05-22,20190522,2019,5,May,2,22,Wednesday,21
2019-05-23,20190523,2019,5,May,2,23,Thursday,21
2019-05-24,20190524,2019,5,May,2,24,Friday,21
2019-05-25,20190525,2019,5,May,2,25,Saturday,21
2019-05-26,20190526,2019,5,May,2,26,Sunday,21
2019-05-27,20190527,2019,5,May,2,27,Monday,22
2019-05-28,20190528,2019,5,May,2,28,Tuesday,22
2019-05-29,20190529,2019,5,May,2,29,Wednesday,22
2019-05-30,20190530,2019,5,May,2,30,Thursday,22
2019-05-31,20190531,2019,5,May,2,31,Friday,22
2019-06-01,20190601,2019,6,June,2,1,Saturday,22
2019-06-02,20190602,2019,6,June,2,2,Sunday,22
2019-06-03,20190603,2019,6,June,2,3,Monday,23
2019-06-04,20190604,2019,6,June,2,4,Tuesday,23
2019-06-05,20190605,2019,6,June,2,5,Wednesday,23
2019-06-06,20190606,2019,6,June,2,6,Thursday,23
2019-06-07,20190607,2019,6,June,2,7,Friday,23
2019-06-08,20190608,2019,6,June,2,8,Saturday,23
2019-06-09,20190609,2019,6,June,2,9,Sunday,23
2019-06-10,20190610,2019,6,June,2,10,Monday,24
2019-06-11,20190611,2019,6,June,2,11,Tuesday,24
2019-06-12,20190612,2019,6,June,2,12,Wednesday,24
2019-06-13,20190613,2019,6,June,2,13,Thursday,24
2019-06-14,20190614,2019,6,June,2,14,Friday,24
2019-06-15,20190615,2019,6,June,2,15,Saturday,24
2019-06-16,20190616,2019,6,June,2,16,Sunday,24
2019-06-17,20190617,2019,6,June,2,17,Monday,25
2019-06-18,20190618,2019,6,June,2,18,Tuesday,25
2019-06-19,20190619,2019,6,June,2,19,Wednesday,25
2019-06-20,20190620,2019,6,June,2,20,Thursday,25
2019-06-21,20190621,2019,6,June,2,21,Friday,25
2019-06-22,20190622,2019,6,June,2,22,Saturday,25
2019-06-23,20190623,2019,6,June,2,23,Sunday,25
2019-06-24,20190624,2019,6,June,2,24,Monday,26
2019-06-25,20190625,2019,6,June,2,25,Tuesday,26
2019-06-26,20190626,2019,6,June,2,26,Wednesday,26
2019-06-27,20190627,2019,6,June,2,27,Thursday,26
2019-06-28,20190628,2019,6,June,2,28,Friday,26
2019-06-29,20190629,2019,6,June,2,29,Saturday,26
2019-06-30,20190630,2019,6,June,2,30,Sunday,26
2019-07-01,20190701,2019,7,July,3,1,Monday,27
2019-07-02,20190702,2019,7,July,3,2,Tuesday,27
2019-07-03,20190703,2019,7,July,3,3,Wednesday,27
2019-07-04,20190704,2019,7,July,3,4,Thursday,27
2019-07-05,20190705,2019,7,July,3,5,Friday,27
2019-07-06,20190706,2019,7,July,3,6,Saturday,27
2019-07-07,20190707,2019,7,July,3,7,Sunday,27
2019-07-08,20190708,2019,7,July,3,8,Monday,28
2019-07-09,20190709,2019,7,July,3,9,Tuesday,28
2019-07-10,20190710,2019,7,July,3,10,Wednesday,28
2019-07-11,20190711,2019,7,July,3,11,Thursday,28
2019-07-12,20190712,2019,7,July,3,12,Friday,28
2019-07-13,20190713,2019,7,July,3,13,Saturday,28
2019-07-14,20190714,2019,7,July,3,14,Sunday,28
2019-07-15,20190715,2019,7,July,3,15,Monday,29
2019-07-16,20190716,2019,7,July,3,16,Tuesday,29
2019-07-17,20190717,2019,7,July,3,17,Wednesday,29
2019-07-18,20190718,2019,7,July,3,18,Thursday,29
2019-07-19,20190719,2019,7,July,3,19,Friday,29
2019-07-20,20190720,2019,7,July,3,20,Saturday,29
2019-07-21,20190721,2019,7,July,3,21,Sunday,29
2019-07-22,20190722,2019,7,July,3,22,Monday,30
2019-07-23,20190723,2019,7,July,3,23,Tuesday,30
2019-07-24,20190724,2019,7,July,3,24,Wednesday,30
2019-07-25,20190725,2019,7,July,3,25,Thursday,30
2019-07-26,20190726,2019,7,July,3,26,Friday,30
2019-07-27,20190727,2019,7,July,3,27,Saturday,30
2019-07-28,20190728,2019,7,July,3,28,Sunday,30
2019-07-29,20190729,2019,7,July,3,29,Monday,31
2019-07-30,20190730,2019,7,July,3,30,Tuesday,31
2019-07-31,20190731,2019,7,July,3,31,Wednesday,31
2019-08-01,20190801,2019,8,August,3,1,Thursday,31
2019-08-02,20190802,2019,8,August,3,2,Friday,31
2019-08-03,20190803,2019,8,August,3,3,Saturday,31
2019-08-04,20190804,2019,8,August,3,4,Sunday,31
2019-08-05,20190805,2019,8,August,3,5,Monday,32
2019-08-06,20190806,2019,8,August,3,6,Tuesday,32
2019-08-07,20190807,2019,8,August,3,7,Wednesday,32
2019-08-08,20190808,2019,8,August,3,8,Thursday,32
2019-08-09,20190809,2019,8,August,3,9,Friday,32
2019-08-10,20190810,2019,8,August,3,10,Saturday,32
2019-08-11,20190811,2019,8,August,3,11,Sunday,32
2019-08-12,20190812,2019,8,August,3,12,Monday,33
2019-08-13,20190813,2019,8,August,3,13,Tuesday,33
2019-08-14,20190814,2019,8,August,3,14,Wednesday,33
2019-08-15,20190815,2019,8,August,3,15,Thursday,33
2019-08-16,20190816,2019,8,August,3,16,Friday,33
2019-08-17,20190817,2019,8,August,3,17,Saturday,33
2019-08-18,20190818,2019,8,August,3,18,Sunday,33
2019-08-19,20190819,2019,8,August,3,19,Monday,34
2019-08-20,20190820,2019,8,August,3,20,Tuesday,34
2019-08-21,20190821,2019,8,August,3,21,Wednesday,34
2019-08-22,20190822,2019,8,August,3,22,Thursday,34
2019-08-23,20190823,2019,8,August,3,23,Friday,34
2019-08-24,20190824,2019,8,August,3,24,Saturday,34
2019-08-25,20190825,2019,8,August,3,25,Sunday,34
2019-08-26,20190826,2019,8,August,3,26,Monday,35
2019-08-27,20190827,2019,8,August,3,27,Tuesday,35
2019-08-28,20190828,2019,8,August,3,28,Wednesday,35
2019-08-29,20190829,2019,8,August,3,29,Thursday,35
2019-08-30,20190830,2019,8,August,3,30,Friday,35
2019-08-31,20190831,2019,8,August,3,31,Saturday,35
2019-09-01,20190901,2019,9,September,3,1,Sunday,35
2019-09-02,20190902,2019,9,September,3,2,Monday,36
2019-09-03,20190903,2019,9,September,3,3,Tuesday,36
2019-09-04,20190904,2019,9,September,3,4,Wednesday,36
2019-09-05,20190905,2019,9,September,3,5,Thursday,36
2019-09-06,20190906,2019,9,September,3,6,Friday,36
2019-09-07,20190907,2019,9,September,3,7,Saturday,36
2019-09-08,20190908,2019,9,September,3,8,Sunday,36
2019-09-09,20190909,2019,9,September,3,9,Monday,37
2019-09-10,20190910,2019,9,September,3,10,Tuesday,37
2019-09-11,20190911,2019,9,September,3,11,Wednesday,37
2019-09-12,20190912,2019,9,September,3,12,Thursday,37
2019-09-13,20190913,2019,9,September,3,13,Friday,37
2019-09-14,20190914,2019,9,September,3,14,Saturday,37
2019-09-15,20190915,2019,9,September,3,15,Sunday,37
2019-09-16,20190916,2019,9,September,3,16,Monday,38
2019-09-17,20190917,2019,9,September,3,17,Tuesday,38
2019-09-18,20190918,2019,9,September,3,18,Wednesday,38
2019-09-19,20190919,2019,9,September,3,19,Thursday,38
2019-09-20,20190920,2019,9,September,3,20,Friday,38
2019-09-21,20190921,2019,9,September,3,21,Saturday,38
2019-09-22,20190922,2019,9,September,3,22,Sunday,38
2019-09-23,20190923,2019,9,September,3,23,Monday,39
2019-09-24,20190924,2019,9,September,3,24,Tuesday,39
2019-09-25,20190925,2019,9,September,3,25,Wednesday,39
2019-09-26,20190926,2019,9,September,3,26,Thursday,39
2019-09-27,20190927,2019,9,September,3,27,Friday,39
2019-09-28,20190928,2019,9,September,3,28,Saturday,39
2019-09-29,20190929,2019,9,September,3,29,Sunday,39
2019-09-30,20190930,2019,9,September,3,30,Monday,40
2019-10-01,20191001,2019,10,October,4,1,Tuesday,40
2019-10-02,20191002,2019,10,October,4,2,Wednesday,40
2019-10-03,20191003,2019,10,October,4,3,Thursday,40
2019-10-04,20191004,2019,10,October,4,4,Friday,40
2019-10-05,20191005,2019,10,October,4,5,Saturday,40
2019-10-06,20191006,2019,10,October,4,6,Sunday,40
2019-10-07,20191007,2019,10,October,4,7,Monday,41
2019-10-08,20191008,2019,10,October,4,8,Tuesday,41
2019-10-09,20191009,2019,10,October,4,9,Wednesday,41
2019-10-10,20191010,2019,10,October,4,10,Thursday,41
2019-10-11,20191011,2019,10,October,4,11,Friday,41
2019-10-12,20191012,2019,10,October,4,12,Saturday,41
2019-10-13,20191013,2019,10,October,4,13,Sunday,41
2019-10-14,20191014,2019,10,October,4,14,Monday,42
2019-10-15,20191015,2019,10,October,4,15,Tuesday,42
2019-10-16,20191016,2019,10,October,4,16,Wednesday,42
2019-10-17,20191017,2019,10,October,4,17,Thursday,42
2019-10-18,20191018,2019,10,October,4,18,Friday,42
2019-10-19,20191019,2019,10,October,4,19,Saturday,42
2019-10-20,20191020,2019,10,October,4,20,Sunday,42
2019-10-21,20191021,2019,10,October,4,21,Monday,43
2019-10-22,20191022,2019,10,October,4,22,Tuesday,43
2019-10-23,20191023,2019,10,October,4,23,Wednesday,43
2019-10-24,20191024,2019,10,October,4,24,Thursday,43
2019-10-25,20191025,2019,10,October,4,25,Friday,43
2019-10-26,20191026,2019,10,October,4,26,Saturday,43
2019-10-27,20191027,2019,10,October,4,27,Sunday,43
2019-10-28,20191028,2019,10,October,4,28,Monday,44
2019-10-29,20191029,2019,10,October,4,29,Tuesday,44
2019-10-30,20191030,2019,10,October,4,30,Wednesday,44
2019-10-31,20191031,2019,10,October,4,31,Thursday,44
2019-11-01,20191101,2019,11,November,4,1,Friday,44
2019-11-02,20191102,2019,11,November,4,2,Saturday,44
2019-11-03,20191103,2019,11,November,4,3,Sunday,44
2019-11-04,20191104,2019,11,November,4,4,Monday,45
2019-11-05,20191105,2019,11,November,4,5,Tuesday,45
2019-11-06,20191106,2019,11,November,4,6,Wednesday,45
2019-11-07,20191107,2019,11,November,4,7,Thursday,45
2019-11-08,20191108,2019,11,November,4,8,Friday,45
2019-11-09,20191109,2019,11,November,4,9,Saturday,45
2019-11-10,20191110,2019,11,November,4,10,Sunday,45
2019-11-11,20191111,2019,11,November,4,11,Monday,46
2019-11-12,20191112,2019,11,November,4,12,Tuesday,46
2019-11-13,20191113,2019,11,November,4,13,Wednesday,46
2019-11-14,20191114,2019,11,November,4,14,Thursday,46
2019-11-15,20191115,2019,11,November,4,15,Friday,46
2019-11-16,20191116,2019,11,November,4,16,Saturday,46
2019-11-17,20191117,2019,11,November,4,17,Sunday,46
2019-11-18,20191118,2019,11,November,4,18,Monday,47
2019-11-19,20191119,2019,11,November,4,19,Tuesday,47
2019-11-20,20191120,2019,11,November,4,20,Wednesday,47
2019-11-21,20191121,2019,11,November,4,21,Thursday,47
2019-11-22,20191122,2019,11,November,4,22,Friday,47
2019-11-23,20191123,2019,11,November,4,23,Saturday,47
2019-11-24,20191124,2019,11,November,4,24,Sunday,47
2019-11-25,20191125,2019,11,November,4,25,Monday,48
2019-11-26,20191126,2019,11,November,4,26,Tuesday,48
2019-11-27,20191127,2019,11,November,4,27,Wednesday,48
2019-11-28,20191128,2019,11,November,4,28,Thursday,48
2019-11-29,20191129,2019,11,November,4,29,Friday,48
2019-11-30,20191130,2019,11,November,4,30,Saturday,48
2019-12-01,20191201,2019,12,December,4,1,Sunday,48
2019-12-02,20191202,2019,12,December,4,2,Monday,49
2019-12-03,20191203,2019,12,December,4,3,Tuesday,49
2019-12-04,20191204,2019,12,December,4,4,Wednesday,49
2019-12-05,20191205,2019,12,December,4,5,Thursday,49
2019-12-06,20191206,2019,12,December,4,6,Friday,49
2019-12-07,20191207,2019,12,December,4,7,Saturday,49
2019-12-08,20191208,2019,12,December,4,8,Sunday,49
2019-12-09,20191209,2019,12,December,4,9,Monday,50
2019-12-10,20191210,2019,12,December,4,10,Tuesday,50
2019-12-11,20191211,2019,12,December,4,11,Wednesday,50
2019-12-12,20191212,2019,12,December,4,12,Thursday,50
2019-12-13,20191213,2019,12,December,4,13,Friday,50
2019-12-14,20191214,2019,12,December,4,14,Saturday,50
2019-12-15,20191215,2019,12,December,4,15,Sunday,50
2019-12-16,20191216,2019,12,December,4,16,Monday,51
2019-12-17,20191217,2019,12,December,4,17,Tuesday,51
2019-12-18,20191218,2019,12,December,4,18,Wednesday,51
2019-12-19,20191219,2019,12,December,4,19,Thursday,51
2019-12-20,20191220,2019,12,December,4,20,Friday,51
2019-12-21,20191221,2019,12,December,4,21,Saturday,51
2019-12-22,20191222,2019,12,December,4,22,Sunday,51
2019-12-23,20191223,2019,12,December,4,23,Monday,52
2019-12-24,20191224,2019,12,December,4,24,Tuesday,52
2019-12-25,20191225,2019,12,December,4,25,Wednesday,52
2019-12-26,20191226,2019,12,December,4,26,Thursday,52
2019-12-27,20191227,2019,12,December,4,27,Friday,52
2019-12-28,20191228,2019,12,December,4,28,Saturday,52
2019-12-29,20191229,2019,12,December,4,29,Sunday,52
2019-12-30,20191230,2019,12,December,4,30,Monday,1
2019-12-31,20191231,2019,12,December,4,31,Tuesday,1
2020-01-01,20200101,2020,1,January,1,1,Wednesday,1
2020-01-02,20200102,2020,1,January,1,2,Thursday,1
2020-01-03,20200103,2020,1,January,1,3,Friday,1
2020-01-04,20200104,2020,1,January,1,4,Saturday,1
2020-01-05,20200105,2020,1,January,1,5,Sunday,1
2020-01-06,20200106,2020,1,January,1,6,Monday,2
2020-01-07,20200107,2020,1,January,1,7,Tuesday,2
2020-01-08,20200108,2020,1,January,1,8,Wednesday,2
2020-01-09,20200109,2020,1,January,1,9,Thursday,2
2020-01-10,20200110,2020,1,January,1,10,Friday,2
2020-01-11,20200111,2020,1,January,1,11,Saturday,2
2020-01-12,20200112,2020,1,January,1,12,Sunday,2
2020-01-13,20200113,2020,1,January,1,13,Monday,3
2020-01-14,20200114,2020,1,January,1,14,Tuesday,3
2020-01-15,20200115,2020,1,January,1,15,Wednesday,3
2020-01-16,20200116,2020,1,January,1,16,Thursday,3
2020-01-17,20200117,2020,1,January,1,17,Friday,3
2020-01-18,20200118,2020,1,January,1,18,Saturday,3
2020-01-19,20200119,2020,1,January,1,19,Sunday,3
2020-01-20,20200120,2020,1,January,1,20,Monday,4
2020-01-21,20200121,2020,1,January,1,21,Tuesday,4
2020-01-22,20200122,2020,1,January,1,22,Wednesday,4
2020-01-23,20200123,2020,1,January,1,23,Thursday,4
2020-01-24,20200124,2020,1,January,1,24,Friday,4
2020-01-25,20200125,2020,1,January,1,25,Saturday,4
2020-01-26,20200126,2020,1,January,1,26,Sunday,4
2020-01-27,20200127,2020,1,January,1,27,Monday,5
2020-01-28,20200128,2020,1,January,1,28,Tuesday,5
2020-01-29,20200129,2020,1,January,1,29,Wednesday,5
2020-01-30,20200130,2020,1,January,1,30,Thursday,5
2020-01-31,20200131,2020,1,January,1,31,Friday,5
2020-02-01,20200201,2020,2,February,1,1,Saturday,5
2020-02-02,20200202,2020,2,February,1,2,Sunday,5
2020-02-03,20200203,2020,2,February,1,3,Monday,6
2020-02-04,20200204,2020,2,February,1,4,Tuesday,6
2020-02-05,20200205,2020,2,February,1,5,Wednesday,6
2020-02-06,20200206,2020,2,February,1,6,Thursday,6
2020-02-07,20200207,2020,2,February,1,7,Friday,6
2020-02-08,20200208,2020,2,February,1,8,Saturday,6
2020-02-09,20200209,2020,2,February,1,9,Sunday,6
2020-02-10,20200210,2020,2,February,1,10,Monday,7
2020-02-11,20200211,2020,2,February,1,11,Tuesday,7
2020-02-12,20200212,2020,2,February,1,12,Wednesday,7
2020-02-13,20200213,2020,2,February,1,13,Thursday,7
2020-02-14,20200214,2020,2,February,1,14,Friday,7
2020-02-15,20200215,2020,2,February,1,15,Saturday,7
2020-02-16,20200216,2020,2,February,1,16,Sunday,7
2020-02-17,20200217,2020,2,February,1,17,Monday,8
2020-02-18,20200218,2020,2,February,1,18,Tuesday,8
2020-02-19,20200219,2020,2,February,1,19,Wednesday,8
2020-02-20,20200220,2020,2,February,1,20,Thursday,8
2020-02-21,20200221,2020,2,February,1,21,Friday,8
2020-02-22,20200222,2020,2,February,1,22,Saturday,8
2020-02-23,20200223,2020,2,February,1,23,Sunday,8
2020-02-24,20200224,2020,2,February,1,24,Monday,9
2020-02-25,20200225,2020,2,February,1,25,Tuesday,9
2020-02-26,20200226,2020,2,February,1,26,Wednesday,9
2020-02-27,20200227,2020,2,February,1,27,Thursday,9
2020-02-28,20200228,2020,2,February,1,28,Friday,9
2020-02-29,20200229,2020,2,February,1,29,Saturday,9
2020-03-01,20200301,2020,3,March,1,1,Sunday,9
2020-03-02,20200302,2020,3,March,1,2,Monday,10
2020-03-03,20200303,2020,3,March,1,3,Tuesday,10
2020-03-04,20200304,2020,3,March,1,4,Wednesday,10
2020-03-05,20200305,2020,3,March,1,5,Thursday,10
2020-03-06,20200306,2020,3,March,1,6,Friday,10
2020-03-07,20200307,2020,3,March,1,7,Saturday,10
2020-03-08,20200308,2020,3,March,1,8,Sunday,10
2020-03-09,20200309,2020,3,March,1,9,Monday,11
2020-03-10,20200310,2020,3,March,1,10,Tuesday,11
2020-03-11,20200311,2020,3,March,1,11,Wednesday,11
2020-03-12,20200312,2020,3,March,1,12,Thursday,11
2020-03-13,20200313,2020,3,March,1,13,Friday,11
2020-03-14,20200314,2020,3,March,1,14,Saturday,11
2020-03-15,20200315,2020,3,March,1,15,Sunday,11
2020-03-16,20200316,2020,3,March,1,16,Monday,12
2020-03-17,20200317,2020,3,March,1,17,Tuesday,12
2020-03-18,20200318,2020,3,March,1,18,Wednesday,12
2020-03-19,20200319,2020,3,March,1,19,Thursday,12
2020-03-20,20200320,2020,3,March,1,20,Friday,12
2020-03-21,20200321,2020,3,March,1,21,Saturday,12
2020-03-22,20200322,2020,3,March,1,22,Sunday,12
2020-03-23,20200323,2020,3,March,1,23,Monday,13
2020-03-24,20200324,2020,3,March,1,24,Tuesday,13
2020-03-25,20200325,2020,3,March,1,25,Wednesday,13
2020-03-26,20200326,2020,3,March,1,26,Thursday,13
2020-03-27,20200327,2020,3,March,1,27,Friday,13
2020-03-28,20200328,2020,3,March,1,28,Saturday,13
2020-03-29,20200329,2020,3,March,1,29,Sunday,13
2020-03-30,20200330,2020,3,March,1,30,Monday,14
2020-03-31,20200331,2020,3,March,1,31,Tuesday,14
2020-04-01,20200401,2020,4,April,2,1,Wednesday,14
2020-04-02,20200402,2020,4,April,2,2,Thursday,14
2020-04-03,20200403,2020,4,April,2,3,Friday,14
2020-04-04,20200404,2020,4,April,2,4,Saturday,14
2020-04-05,20200405,2020,4,April,2,5,Sunday,14
2020-04-06,20200406,2020,4,April,2,6,Monday,15
2020-04-07,20200407,2020,4,April,2,7,Tuesday,15
2020-04-08,20200408,2020,4,April,2,8,Wednesday,15
2020-04-09,20200409,2020,4,April,2,9,Thursday,15
2020-04-10,20200410,2020,4,April,2,10,Friday,15
2020-04-11,20200411,2020,4,April,2,11,Saturday,15
2020-04-12,20200412,2020,4,April,2,12,Sunday,15
2020-04-13,20200413,2020,4,April,2,13,Monday,16
2020-04-14,20200414,2020,4,April,2,14,Tuesday,16
2020-04-15,20200415,2020,4,April,2,15,Wednesday,16
2020-04-16,20200416,2020,4,April,2,16,Thursday,16
2020-04-17,20200417,2020,4,April,2,17,Friday,16
2020-04-18,20200418,2020,4,April,2,18,Saturday,16
2020-04-19,20200419,2020,4,April,2,19,Sunday,16
2020-04-20,20200420,2020,4,April,2,20,Monday,17
2020-04-21,20200421,2020,4,April,2,21,Tuesday,17
2020-04-22,20200422,2020,4,April,2,22,Wednesday,17
2020-04-23,20200423,2020,4,April,2,23,Thursday,17
2020-04-24,20200424,2020,4,April,2,24,Friday,17
2020-04-25,20200425,2020,4,April,2,25,Saturday,17
2020-04-26,20200426,2020,4,April,2,26,Sunday,17
2020-04-27,20200427,2020,4,April,2,27,Monday,18
2020-04-28,20200428,2020,4,April,2,28,Tuesday,18
2020-04-29,20200429,2020,4,April,2,29,Wednesday,18
2020-04-30,20200430,2020,4,April,2,30,Thursday,18
2020-05-01,20200501,2020,5,May,2,1,Friday,18
2020-05-02,20200502,2020,5,May,2,2,Saturday,18
2020-05-03,20200503,2020,5,May,2,3,Sunday,18
2020-05-04,20200504,2020,5,May,2,4,Monday,19
2020-05-05,20200505,2020,5,May,2,5,Tuesday,19
2020-05-06,20200506,2020,5,May,2,6,Wednesday,19
2020-05-07,20200507,2020,5,May,2,7,Thursday,19
2020-05-08,20200508,2020,5,May,2,8,Friday,19
2020-05-09,20200509,2020,5,May,2,9,Saturday,19
2020-05-10,20200510,2020,5,May,2,10,Sunday,19
2020-05-11,20200511,2020,5,May,2,11,Monday,20
2020-05-12,20200512,2020,5,May,2,12,Tuesday,20
2020-05-13,20200513,2020,5,May,2,13,Wednesday,20
2020-05-14,20200514,2020,5,May,2,14,Thursday,20
2020-05-15,20200515,2020,5,May,2,15,Friday,20
2020-05-16,20200516,2020,5,May,2,16,Saturday,20
2020-05-17,20200517,2020,5,May,2,17,Sunday,20
2020-05-18,20200518,2020,5,May,2,18,Monday,21
2020-05-19,20200519,2020,5,May,2,19,Tuesday,21
2020-05-20,20200520,2020,5,May,2,20,Wednesday,21
2020-05-21,20200521,2020,5,May,2,21,Thursday,21
2020-05-22,20200522,2020,5,May,2,22,Friday,21
2020-05-23,20200523,2020,5,May,2,23,Saturday,21
2020-05-24,20200524,2020,5,May,2,24,Sunday,21
2020-05-25,20200525,2020,5,May,2,25,Monday,22
2020-05-26,20200526,2020,5,May,2,26,Tuesday,22
2020-05-27,20200527,2020,5,May,2,27,Wednesday,22
2020-05-28,20200528,2020,5,May,2,28,Thursday,22
2020-05-29,20200529,2020,5,May,2,29,Friday,22
2020-05-30,20200530,2020,5,May,2,30,Saturday,22
2020-05-31,20200531,2020,5,May,2,31,Sunday,22
2020-06-01,20200601,2020,6,June,2,1,Monday,23
2020-06-02,20200602,2020,6,June,2,2,Tuesday,23
2020-06-03,20200603,2020,6,June,2,3,Wednesday,23
2020-06-04,20200604,2020,6,June,2,4,Thursday,23
2020-06-05,20200605,2020,6,June,2,5,Friday,23
2020-06-06,20200606,2020,6,June,2,6,Saturday,23
2020-06-07,20200607,2020,6,June,2,7,Sunday,23
2020-06-08,20200608,2020,6,June,2,8,Monday,24
2020-06-09,20200609,2020,6,June,2,9,Tuesday,24
2020-06-10,20200610,2020,6,June,2,10,Wednesday,24
2020-06-11,20200611,2020,6,June,2,11,Thursday,24
2020-06-12,20200612,2020,6,June,2,12,Friday,24
2020-06-13,20200613,2020,6,June,2,13,Saturday,24
2020-06-14,20200614,2020,6,June,2,14,Sunday,24
2020-06-15,20200615,2020,6,June,2,15,Monday,25
2020-06-16,20200616,2020,6,June,2,16,Tuesday,25
2020-06-17,20200617,2020,6,June,2,17,Wednesday,25
2020-06-18,20200618,2020,6,June,2,18,Thursday,25
2020-06-19,20200619,2020,6,June,2,19,Friday,25
2020-06-20,20200620,2020,6,June,2,20,Saturday,25
2020-06-21,20200621,2020,6,June,2,21,Sunday,25
2020-06-22,20200622,2020,6,June,2,22,Monday,26
2020-06-23,20200623,2020,6,June,2,23,Tuesday,26
2020-06-24,20200624,2020,6,June,2,24,Wednesday,26
2020-06-25,20200625,2020,6,June,2,25,Thursday,26
2020-06-26,20200626,2020,6,June,2,26,Friday,26
2020-06-27,20200627,2020,6,June,2,27,Saturday,26
2020-06-28,20200628,2020,6,June,2,28,Sunday,26
2020-06-29,20200629,2020,6,June,2,29,Monday,27
2020-06-30,20200630,2020,6,June,2,30,Tuesday,27
2020-07-01,20200701,2020,7,July,3,1,Wednesday,27
2020-07-02,20200702,2020,7,July,3,2,Thursday,27
2020-07-03,20200703,2020,7,July,3,3,Friday,27
2020-07-04,20200704,2020,7,July,3,4,Saturday,27
2020-07-05,20200705,2020,7,July,3,5,Sunday,27
2020-07-06,20200706,2020,7,July,3,6,Monday,28
2020-07-07,20200707,2020,7,July,3,7,Tuesday,28
2020-07-08,20200708,2020,7,July,3,8,Wednesday,28
2020-07-09,20200709,2020,7,July,3,9,Thursday,28
2020-07-10,20200710,2020,7,July,3,10,Friday,28
2020-07-11,20200711,2020,7,July,3,11,Saturday,28
2020-07-12,20200712,2020,7,July,3,12,Sunday,28
2020-07-13,20200713,2020,7,July,3,13,Monday,29
2020-07-14,20200714,2020,7,July,3,14,Tuesday,29
2020-07-15,20200715,2020,7,July,3,15,Wednesday,29
2020-07-16,20200716,2020,7,July,3,16,Thursday,29
2020-07-17,20200717,2020,7,July,3,17,Friday,29
2020-07-18,20200718,2020,7,July,3,18,Saturday,29
2020-07-19,20200719,2020,7,July,3,19,Sunday,29
2020-07-20,20200720,2020,7,July,3,20,Monday,30
2020-07-21,20200721,2020,7,July,3,21,Tuesday,30
2020-07-22,20200722,2020,7,July,3,22,Wednesday,30
2020-07-23,20200723,2020,7,July,3,23,Thursday,30
2020-07-24,20200724,2020,7,July,3,24,Friday,30
2020-07-25,20200725,2020,7,July,3,25,Saturday,30
2020-07-26,20200726,2020,7,July,3,26,Sunday,30
2020-07-27,20200727,2020,7,July,3,27,Monday,31
2020-07-28,20200728,2020,7,July,3,28,Tuesday,31
2020-07-29,20200729,2020,7,July,3,29,Wednesday,31
2020-07-30,20200730,2020,7,July,3,30,Thursday,31
2020-07-31,20200731,2020,7,July,3,31,Friday,31
2020-08-01,20200801,2020,8,August,3,1,Saturday,31
2020-08-02,20200802,2020,8,August,3,2,Sunday,31
2020-08-03,20200803,2020,8,August,3,3,Monday,32
2020-08-04,20200804,2020,8,August,3,4,Tuesday,32
2020-08-05,20200805,2020,8,August,3,5,Wednesday,32
2020-08-06,20200806,2020,8,August,3,6,Thursday,32
2020-08-07,20200807,2020,8,August,3,7,Friday,32
2020-08-08,20200808,2020,8,August,3,8,Saturday,32
2020-08-09,20200809,2020,8,August,3,9,Sunday,32
2020-08-10,20200810,2020,8,August,3,10,Monday,33
2020-08-11,20200811,2020,8,August,3,11,Tuesday,33
2020-08-12,20200812,2020,8,August,3,12,Wednesday,33
2020-08-13,20200813,2020,8,August,3,13,Thursday,33
2020-08-14,20200814,2020,8,August,3,14,Friday,33
2020-08-15,20200815,2020,8,August,3,15,Saturday,33
2020-08-16,20200816,2020,8,August,3,16,Sunday,33
2020-08-17,20200817,2020,8,August,3,17,Monday,34
2020-08-18,20200818,2020,8,August,3,18,Tuesday,34
2020-08-19,20200819,2020,8,August,3,19,Wednesday,34
2020-08-20,20200820,2020,8,August,3,20,Thursday,34
2020-08-21,20200821,2020,8,August,3,21,Friday,34
2020-08-22,20200822,2020,8,August,3,22,Saturday,34
2020-08-23,20200823,2020,8,August,3,23,Sunday,34
2020-08-24,20200824,2020,8,August,3,24,Monday,35
2020-08-25,20200825,2020,8,August,3,25,Tuesday,35
2020-08-26,20200826,2020,8,August,3,26,Wednesday,35
2020-08-27,20200827,2020,8,August,3,27,Thursday,35
2020-08-28,20200828,2020,8,August,3,28,Friday,35
2020-08-29,20200829,2020,8,August,3,29,Saturday,35
2020-08-30,20200830,2020,8,August,3,30,Sunday,35
2020-08-31,20200831,2020,8,August,3,31,Monday,36
2020-09-01,20200901,2020,9,September,3,1,Tuesday,36
2020-09-02,20200902,2020,9,September,3,2,Wednesday,36
2020-09-03,20200903,2020,9,September,3,3,Thursday,36
2020-09-04,20200904,2020,9,September,3,4,Friday,36
2020-09-05,20200905,2020,9,September,3,5,Saturday,36
2020-09-06,20200906,2020,9,September,3,6,Sunday,36
2020-09-07,20200907,2020,9,September,3,7,Monday,37
2020-09-08,20200908,2020,9,September,3,8,Tuesday,37
2020-09-09,20200909,2020,9,September,3,9,Wednesday,37
2020-09-10,20200910,2020,9,September,3,10,Thursday,37
2020-09-11,20200911,2020,9,September,3,11,Friday,37
2020-09-12,20200912,2020,9,September,3,12,Saturday,37
2020-09-13,20200913,2020,9,September,3,13,Sunday,37
2020-09-14,20200914,2020,9,September,3,14,Monday,38
2020-09-15,20200915,2020,9,September,3,15,Tuesday,38
2020-09-16,20200916,2020,9,September,3,16,Wednesday,38
2020-09-17,20200917,2020,9,September,3,17,Thursday,38
2020-09-18,20200918,2020,9,September,3,18,Friday,38
2020-09-19,20200919,2020,9,September,3,19,Saturday,38
2020-09-20,20200920,2020,9,September,3,20,Sunday,38
2020-09-21,20200921,2020,9,September,3,21,Monday,39
2020-09-22,20200922,2020,9,September,3,22,Tuesday,39
2020-09-23,20200923,2020,9,September,3,23,Wednesday,39
2020-09-24,20200924,2020,9,September,3,24,Thursday,39
2020-09-25,20200925,2020,9,September,3,25,Friday,39
2020-09-26,20200926,2020,9,September,3,26,Saturday,39
2020-09-27,20200927,2020,9,September,3,27,Sunday,39
2020-09-28,20200928,2020,9,September,3,28,Monday,40
2020-09-29,20200929,2020,9,September,3,29,Tuesday,40
2020-09-30,20200930,2020,9,September,3,30,Wednesday,40
2020-10-01,20201001,2020,10,October,4,1,Thursday,40
2020-10-02,20201002,2020,10,October,4,2,Friday,40
2020-10-03,20201003,2020,10,October,4,3,Saturday,40
2020-10-04,20201004,2020,10,October,4,4,Sunday,40
2020-10-05,20201005,2020,10,October,4,5,Monday,41
2020-10-06,20201006,2020,10,October,4,6,Tuesday,41
2020-10-07,20201007,2020,10,October,4,7,Wednesday,41
2020-10-08,20201008,2020,10,October,4,8,Thursday,41
2020-10-09,20201009,2020,10,October,4,9,Friday,41
2020-10-10,20201010,2020,10,October,4,10,Saturday,41
2020-10-11,20201011,2020,10,October,4,11,Sunday,41
2020-10-12,20201012,2020,10,October,4,12,Monday,42
2020-10-13,20201013,2020,10,October,4,13,Tuesday,42
2020-10-14,20201014,2020,10,October,4,14,Wednesday,42
2020-10-15,20201015,2020,10,October,4,15,Thursday,42
2020-10-16,20201016,2020,10,October,4,16,Friday,42
2020-10-17,20201017,2020,10,October,4,17,Saturday,42
2020-10-18,20201018,2020,10,October,4,18,Sunday,42
2020-10-19,20201019,2020,10,October,4,19,Monday,43
2020-10-20,20201020,2020,10,October,4,20,Tuesday,43
2020-10-21,20201021,2020,10,October,4,21,Wednesday,43
2020-10-22,20201022,2020,10,October,4,22,Thursday,43
2020-10-23,20201023,2020,10,October,4,23,Friday,43
2020-10-24,20201024,2020,10,October,4,24,Saturday,43
2020-10-25,20201025,2020,10,October,4,25,Sunday,43
2020-10-26,20201026,2020,10,October,4,26,Monday,44
2020-10-27,20201027,2020,10,October,4,27,Tuesday,44
2020-10-28,20201028,2020,10,October,4,28,Wednesday,44
2020-10-29,20201029,2020,10,October,4,29,Thursday,44
2020-10-30,20201030,2020,10,October,4,30,Friday,44
2020-10-31,20201031,2020,10,October,4,31,Saturday,44
2020-11-01,20201101,2020,11,November,4,1,Sunday,44
2020-11-02,20201102,2020,11,November,4,2,Monday,45
2020-11-03,20201103,2020,11,November,4,3,Tuesday,45
2020-11-04,20201104,2020,11,November,4,4,Wednesday,45
2020-11-05,20201105,2020,11,November,4,5,Thursday,45
2020-11-06,20201106,2020,11,November,4,6,Friday,45
2020-11-07,20201107,2020,11,November,4,7,Saturday,45
2020-11-08,20201108,2020,11,November,4,8,Sunday,45
2020-11-09,20201109,2020,11,November,4,9,Monday,46
2020-11-10,20201110,2020,11,November,4,10,Tuesday,46
2020-11-11,20201111,2020,11,November,4,11,Wednesday,46
2020-11-12,20201112,2020,11,November,4,12,Thursday,46
2020-11-13,20201113,2020,11,November,4,13,Friday,46
2020-11-14,20201114,2020,11,November,4,14,Saturday,46
2020-11-15,20201115,2020,11,November,4,15,Sunday,46
2020-11-16,20201116,2020,11,November,4,16,Monday,47
2020-11-17,20201117,2020,11,November,4,17,Tuesday,47
2020-11-18,20201118,2020,11,November,4,18,Wednesday,47
2020-11-19,20201119,2020,11,November,4,19,Thursday,47
2020-11-20,20201120,2020,11,November,4,20,Friday,47
2020-11-21,20201121,2020,11,November,4,21,Saturday,47
2020-11-22,20201122,2020,11,November,4,22,Sunday,47
2020-11-23,20201123,2020,11,November,4,23,Monday,48
2020-11-24,20201124,2020,11,November,4,24,Tuesday,48
2020-11-25,20201125,2020,11,November,4,25,Wednesday,48
2020-11-26,20201126,2020,11,November,4,26,Thursday,48
2020-11-27,20201127,2020,11,November,4,27,Friday,48
2020-11-28,20201128,2020,11,November,4,28,Saturday,48
2020-11-29,20201129,2020,11,November,4,29,Sunday,48
2020-11-30,20201130,2020,11,November,4,30,Monday,49
2020-12-01,20201201,2020,12,December,4,1,Tuesday,49
2020-12-02,20201202,2020,12,December,4,2,Wednesday,49
2020-12-03,20201203,2020,12,December,4,3,Thursday,49
2020-12-04,20201204,2020,12,December,4,4,Friday,49
2020-12-05,20201205,2020,12,December,4,5,Saturday,49
2020-12-06,20201206,2020,12,December,4,6,Sunday,49
2020-12-07,20201207,2020,12,December,4,7,Monday,50
2020-12-08,20201208,2020,12,December,4,8,Tuesday,50
2020-12-09,20201209,2020,12,December,4,9,Wednesday,50
2020-12-10,20201210,2020,12,December,4,10,Thursday,50
2020-12-11,20201211,2020,12,December,4,11,Friday,50
2020-12-12,20201212,2020,12,December,4,12,Saturday,50
2020-12-13,20201213,2020,12,December,4,13,Sunday,50
2020-12-14,20201214,2020,12,December,4,14,Monday,51
2020-12-15,20201215,2020,12,December,4,15,Tuesday,51
2020-12-16,20201216,2020,12,December,4,16,Wednesday,51
2020-12-17,20201217,2020,12,December,4,17,Thursday,51
2020-12-18,20201218,2020,12,December,4,18,Friday,51
2020-12-19,20201219,2020,12,December,4,19,Saturday,51
2020-12-20,20201220,2020,12,December,4,20,Sunday,51
2020-12-21,20201221,2020,12,December,4,21,Monday,52
2020-12-22,20201222,2020,12,December,4,22,Tuesday,52
2020-12-23,20201223,2020,12,December,4,23,Wednesday,52
2020-12-24,20201224,2020,12,December,4,24,Thursday,52
2020-12-25,20201225,2020,12,December,4,25,Friday,52
2020-12-26,20201226,2020,12,December,4,26,Saturday,52
2020-12-27,20201227,2020,12,December,4,27,Sunday,52
2020-12-28,20201228,2020,12,December,4,28,Monday,53
2020-12-29,20201229,2020,12,December,4,29,Tuesday,53
2020-12-30,20201230,2020,12,December,4,30,Wednesday,53
2020-12-31,20201231,2020,12,December,4,31,Thursday,53
2021-01-01,20210101,2021,1,January,1,1,Friday,53
2021-01-02,20210102,2021,1,January,1,2,Saturday,53
2021-01-03,20210103,2021,1,January,1,3,Sunday,53
2021-01-04,20210104,2021,1,January,1,4,Monday,1
2021-01-05,20210105,2021,1,January,1,5,Tuesday,1
2021-01-06,20210106,2021,1,January,1,6,Wednesday,1
2021-01-07,20210107,2021,1,January,1,7,Thursday,1
2021-01-08,20210108,2021,1,January,1,8,Friday,1
2021-01-09,20210109,2021,1,January,1,9,Saturday,1
2021-01-10,20210110,2021,1,January,1,10,Sunday,1
2021-01-11,20210111,2021,1,January,1,11,Monday,2
2021-01-12,20210112,2021,1,January,1,12,Tuesday,2
2021-01-13,20210113,2021,1,January,1,13,Wednesday,2
2021-01-14,20210114,2021,1,January,1,14,Thursday,2
2021-01-15,20210115,2021,1,January,1,15,Friday,2
2021-01-16,20210116,2021,1,January,1,16,Saturday,2
2021-01-17,20210117,2021,1,January,1,17,Sunday,2
2021-01-18,20210118,2021,1,January,1,18,Monday,3
2021-01-19,20210119,2021,1,January,1,19,Tuesday,3
2021-01-20,20210120,2021,1,January,1,20,Wednesday,3
2021-01-21,20210121,2021,1,January,1,21,Thursday,3
2021-01-22,20210122,2021,1,January,1,22,Friday,3
2021-01-23,20210123,2021,1,January,1,23,Saturday,3
2021-01-24,20210124,2021,1,January,1,24,Sunday,3
2021-01-25,20210125,2021,1,January,1,25,Monday,4
2021-01-26,20210126,2021,1,January,1,26,Tuesday,4
2021-01-27,20210127,2021,1,January,1,27,Wednesday,4
2021-01-28,20210128,2021,1,January,1,28,Thursday,4
2021-01-29,20210129,2021,1,January,1,29,Friday,4
2021-01-30,20210130,2021,1,January,1,30,Saturday,4
2021-01-31,20210131,2021,1,January,1,31,Sunday,4
2021-02-01,20210201,2021,2,February,1,1,Monday,5
2021-02-02,20210202,2021,2,February,1,2,Tuesday,5
2021-02-03,20210203,2021,2,February,1,3,Wednesday,5
2021-02-04,20210204,2021,2,February,1,4,Thursday,5
2021-02-05,20210205,2021,2,February,1,5,Friday,5
2021-02-06,20210206,2021,2,February,1,6,Saturday,5
2021-02-07,20210207,2021,2,February,1,7,Sunday,5
2021-02-08,20210208,2021,2,February,1,8,Monday,6
2021-02-09,20210209,2021,2,February,1,9,Tuesday,6
2021-02-10,20210210,2021,2,February,1,10,Wednesday,6
2021-02-11,20210211,2021,2,February,1,11,Thursday,6
2021-02-12,20210212,2021,2,February,1,12,Friday,6
2021-02-13,20210213,2021,2,February,1,13,Saturday,6
2021-02-14,20210214,2021,2,February,1,14,Sunday,6
2021-02-15,20210215,2021,2,February,1,15,Monday,7
2021-02-16,20210216,2021,2,February,1,16,Tuesday,7
2021-02-17,20210217,2021,2,February,1,17,Wednesday,7
2021-02-18,20210218,2021,2,February,1,18,Thursday,7
2021-02-19,20210219,2021,2,February,1,19,Friday,7
2021-02-20,20210220,2021,2,February,1,20,Saturday,7
2021-02-21,20210221,2021,2,February,1,21,Sunday,7
2021-02-22,20210222,2021,2,February,1,22,Monday,8
2021-02-23,20210223,2021,2,February,1,23,Tuesday,8
2021-02-24,20210224,2021,2,February,1,24,Wednesday,8
2021-02-25,20210225,2021,2,February,1,25,Thursday,8
2021-02-26,20210226,2021,2,February,1,26,Friday,8
2021-02-27,20210227,2021,2,February,1,27,Saturday,8
2021-02-28,20210228,2021,2,February,1,28,Sunday,8
2021-03-01,20210301,2021,3,March,1,1,Monday,9
2021-03-02,20210302,2021,3,March,1,2,Tuesday,9
2021-03-03,20210303,2021,3,March,1,3,Wednesday,9
2021-03-04,20210304,2021,3,March,1,4,Thursday,9
2021-03-05,20210305,2021,3,March,1,5,Friday,9
2021-03-06,20210306,2021,3,March,1,6,Saturday,9
2021-03-07,20210307,2021,3,March,1,7,Sunday,9
2021-03-08,20210308,2021,3,March,1,8,Monday,10
2021-03-09,20210309,2021,3,March,1,9,Tuesday,10
2021-03-10,20210310,2021,3,March,1,10,Wednesday,10
2021-03-11,20210311,2021,3,March,1,11,Thursday,10
2021-03-12,20210312,2021,3,March,1,12,Friday,10
2021-03-13,20210313,2021,3,March,1,13,Saturday,10
2021-03-14,20210314,2021,3,March,1,14,Sunday,10
2021-03-15,20210315,2021,3,March,1,15,Monday,11
2021-03-16,20210316,2021,3,March,1,16,Tuesday,11
2021-03-17,20210317,2021,3,March,1,17,Wednesday,11
2021-03-18,20210318,2021,3,March,1,18,Thursday,11
2021-03-19,20210319,2021,3,March,1,19,Friday,11
2021-03-20,20210320,2021,3,March,1,20,Saturday,11
2021-03-21,20210321,2021,3,March,1,21,Sunday,11
2021-03-22,20210322,2021,3,March,1,22,Monday,12
2021-03-23,20210323,2021,3,March,1,23,Tuesday,12
2021-03-24,20210324,2021,3,March,1,24,Wednesday,12
2021-03-25,20210325,2021,3,March,1,25,Thursday,12
2021-03-26,20210326,2021,3,March,1,26,Friday,12
2021-03-27,20210327,2021,3,March,1,27,Saturday,12
2021-03-28,20210328,2021,3,March,1,28,Sunday,12
2021-03-29,20210329,2021,3,March,1,29,Monday,13
2021-03-30,20210330,2021,3,March,1,30,Tuesday,13
2021-03-31,20210331,2021,3,March,1,31,Wednesday,13
2021-04-01,20210401,2021,4,April,2,1,Thursday,13
2021-04-02,20210402,2021,4,April,2,2,Friday,13
2021-04-03,20210403,2021,4,April,2,3,Saturday,13
2021-04-04,20210404,2021,4,April,2,4,Sunday,13
2021-04-05,20210405,2021,4,April,2,5,Monday,14
2021-04-06,20210406,2021,4,April,2,6,Tuesday,14
2021-04-07,20210407,2021,4,April,2,7,Wednesday,14
2021-04-08,20210408,2021,4,April,2,8,Thursday,14
2021-04-09,20210409,2021,4,April,2,9,Friday,14
2021-04-10,20210410,2021,4,April,2,10,Saturday,14
2021-04-11,20210411,2021,4,April,2,11,Sunday,14
2021-04-12,20210412,2021,4,April,2,12,Monday,15
2021-04-13,20210413,2021,4,April,2,13,Tuesday,15
2021-04-14,20210414,2021,4,April,2,14,Wednesday,15
2021-04-15,20210415,2021,4,April,2,15,Thursday,15
2021-04-16,20210416,2021,4,April,2,16,Friday,15
2021-04-17,20210417,2021,4,April,2,17,Saturday,15
2021-04-18,20210418,2021,4,April,2,18,Sunday,15
2021-04-19,20210419,2021,4,April,2,19,Monday,16
2021-04-20,20210420,2021,4,April,2,20,Tuesday,16
2021-04-21,20210421,2021,4,April,2,21,Wednesday,16
2021-04-22,20210422,2021,4,April,2,22,Thursday,16
2021-04-23,20210423,2021,4,April,2,23,Friday,16
2021-04-24,20210424,2021,4,April,2,24,Saturday,16
2021-04-25,20210425,2021,4,April,2,25,Sunday,16
2021-04-26,20210426,2021,4,April,2,26,Monday,17
2021-04-27,20210427,2021,4,April,2,27,Tuesday,17
2021-04-28,20210428,2021,4,April,2,28,Wednesday,17
2021-04-29,20210429,2021,4,April,2,29,Thursday,17
2021-04-30,20210430,2021,4,April,2,30,Friday,17
2021-05-01,20210501,2021,5,May,2,1,Saturday,17
2021-05-02,20210502,2021,5,May,2,2,Sunday,17
2021-05-03,20210503,2021,5,May,2,3,Monday,18
2021-05-04,20210504,2021,5,May,2,4,Tuesday,18
2021-05-05,20210505,2021,5,May,2,5,Wednesday,18
2021-05-06,20210506,2021,5,May,2,6,Thursday,18
2021-05-07,20210507,2021,5,May,2,7,Friday,18
2021-05-08,20210508,2021,5,May,2,8,Saturday,18
2021-05-09,20210509,2021,5,May,2,9,Sunday,18
2021-05-10,20210510,2021,5,May,2,10,Monday,19
2021-05-11,20210511,2021,5,May,2,11,Tuesday,19
2021-05-12,20210512,2021,5,May,2,12,Wednesday,19
2021-05-13,20210513,2021,5,May,2,13,Thursday,19
2021-05-14,20210514,2021,5,May,2,14,Friday,19
2021-05-15,20210515,2021,5,May,2,15,Saturday,19
2021-05-16,20210516,2021,5,May,2,16,Sunday,19
2021-05-17,20210517,2021,5,May,2,17,Monday,20
2021-05-18,20210518,2021,5,May,2,18,Tuesday,20
2021-05-19,20210519,2021,5,May,2,19,Wednesday,20
2021-05-20,20210520,2021,5,May,2,20,Thursday,20
2021-05-21,20210521,2021,5,May,2,21,Friday,20
2021-05-22,20210522,2021,5,May,2,22,Saturday,20
2021-05-23,20210523,2021,5,May,2,23,Sunday,20
2021-05-24,20210524,2021,5,May,2,24,Monday,21
2021-05-25,20210525,2021,5,May,2,25,Tuesday,21
2021-05-26,20210526,2021,5,May,2,26,Wednesday,21
2021-05-27,20210527,2021,5,May,2,27,Thursday,21
2021-05-28,20210528,2021,5,May,2,28,Friday,21
2021-05-29,20210529,2021,5,May,2,29,Saturday,21
2021-05-30,20210530,2021,5,May,2,30,Sunday,21
2021-05-31,20210531,2021,5,May,2,31,Monday,22
2021-06-01,20210601,2021,6,June,2,1,Tuesday,22
2021-06-02,20210602,2021,6,June,2,2,Wednesday,22
2021-06-03,20210603,2021,6,June,2,3,Thursday,22
2021-06-04,20210604,2021,6,June,2,4,Friday,22
2021-06-05,20210605,2021,6,June,2,5,Saturday,22
2021-06-06,20210606,2021,6,June,2,6,Sunday,22
2021-06-07,20210607,2021,6,June,2,7,Monday,23
2021-06-08,20210608,2021,6,June,2,8,Tuesday,23
2021-06-09,20210609,2021,6,June,2,9,Wednesday,23
2021-06-10,20210610,2021,6,June,2,10,Thursday,23
2021-06-11,20210611,2021,6,June,2,11,Friday,23
2021-06-12,20210612,2021,6,June,2,12,Saturday,23
2021-06-13,20210613,2021,6,June,2,13,Sunday,23
2021-06-14,20210614,2021,6,June,2,14,Monday,24
2021-06-15,20210615,2021,6,June,2,15,Tuesday,24
2021-06-16,20210616,2021,6,June,2,16,Wednesday,24
2021-06-17,20210617,2021,6,June,2,17,Thursday,24
2021-06-18,20210618,2021,6,June,2,18,Friday,24
2021-06-19,20210619,2021,6,June,2,19,Saturday,24
2021-06-20,20210620,2021,6,June,2,20,Sunday,24
2021-06-21,20210621,2021,6,June,2,21,Monday,25
2021-06-22,20210622,2021,6,June,2,22,Tuesday,25
2021-06-23,20210623,2021,6,June,2,23,Wednesday,25
2021-06-24,20210624,2021,6,June,2,24,Thursday,25
2021-06-25,20210625,2021,6,June,2,25,Friday,25
2021-06-26,20210626,2021,6,June,2,26,Saturday,25
2021-06-27,20210627,2021,6,June,2,27,Sunday,25
2021-06-28,20210628,2021,6,June,2,28,Monday,26
2021-06-29,20210629,2021,6,June,2,29,Tuesday,26
2021-06-30,20210630,2021,6,June,2,30,Wednesday,26
2021-07-01,20210701,2021,7,July,3,1,Thursday,26
2021-07-02,20210702,2021,7,July,3,2,Friday,26
2021-07-03,20210703,2021,7,July,3,3,Saturday,26
2021-07-04,20210704,2021,7,July,3,4,Sunday,26
2021-07-05,20210705,2021,7,July,3,5,Monday,27
2021-07-06,20210706,2021,7,July,3,6,Tuesday,27
2021-07-07,20210707,2021,7,July,3,7,Wednesday,27
2021-07-08,20210708,2021,7,July,3,8,Thursday,27
2021-07-09,20210709,2021,7,July,3,9,Friday,27
2021-07-10,20210710,2021,7,July,3,10,Saturday,27
2021-07-11,20210711,2021,7,July,3,11,Sunday,27
2021-07-12,20210712,2021,7,July,3,12,Monday,28
2021-07-13,20210713,2021,7,July,3,13,Tuesday,28
2021-07-14,20210714,2021,7,July,3,14,Wednesday,28
2021-07-15,20210715,2021,7,July,3,15,Thursday,28
2021-07-16,20210716,2021,7,July,3,16,Friday,28
2021-07-17,20210717,2021,7,July,3,17,Saturday,28
2021-07-18,20210718,2021,7,July,3,18,Sunday,28
2021-07-19,20210719,2021,7,July,3,19,Monday,29
2021-07-20,20210720,2021,7,July,3,20,Tuesday,29
2021-07-21,20210721,2021,7,July,3,21,Wednesday,29
2021-07-22,20210722,2021,7,July,3,22,Thursday,29
2021-07-23,20210723,2021,7,July,3,23,Friday,29
2021-07-24,20210724,2021,7,July,3,24,Saturday,29
2021-07-25,20210725,2021,7,July,3,25,Sunday,29
2021-07-26,20210726,2021,7,July,3,26,Monday,30
2021-07-27,20210727,2021,7,July,3,27,Tuesday,30
2021-07-28,20210728,2021,7,July,3,28,Wednesday,30
2021-07-29,20210729,2021,7,July,3,29,Thursday,30
2021-07-30,20210730,2021,7,July,3,30,Friday,30
2021-07-31,20210731,2021,7,July,3,31,Saturday,30
2021-08-01,20210801,2021,8,August,3,1,Sunday,30
2021-08-02,20210802,2021,8,August,3,2,Monday,31
2021-08-03,20210803,2021,8,August,3,3,Tuesday,31
2021-08-04,20210804,2021,8,August,3,4,Wednesday,31
2021-08-05,20210805,2021,8,August,3,5,Thursday,31
2021-08-06,20210806,2021,8,August,3,6,Friday,31
2021-08-07,20210807,2021,8,August,3,7,Saturday,31
2021-08-08,20210808,2021,8,August,3,8,Sunday,31
2021-08-09,20210809,2021,8,August,3,9,Monday,32
2021-08-10,20210810,2021,8,August,3,10,Tuesday,32
2021-08-11,20210811,2021,8,August,3,11,Wednesday,32
2021-08-12,20210812,2021,8,August,3,12,Thursday,32
2021-08-13,20210813,2021,8,August,3,13,Friday,32
2021-08-14,20210814,2021,8,August,3,14,Saturday,32
2021-08-15,20210815,2021,8,August,3,15,Sunday,32
2021-08-16,20210816,2021,8,August,3,16,Monday,33
2021-08-17,20210817,2021,8,August,3,17,Tuesday,33
2021-08-18,20210818,2021,8,August,3,18,Wednesday,33
2021-08-19,20210819,2021,8,August,3,19,Thursday,33
2021-08-20,20210820,2021,8,August,3,20,Friday,33
2021-08-21,20210821,2021,8,August,3,21,Saturday,33
2021-08-22,20210822,2021,8,August,3,22,Sunday,33
2021-08-23,20210823,2021,8,August,3,23,Monday,34
2021-08-24,20210824,2021,8,August,3,24,Tuesday,34
2021-08-25,20210825,2021,8,August,3,25,Wednesday,34
2021-08-26,20210826,2021,8,August,3,26,Thursday,34
2021-08-27,20210827,2021,8,August,3,27,Friday,34
2021-08-28,20210828,2021,8,August,3,28,Saturday,34
2021-08-29,20210829,2021,8,August,3,29,Sunday,34
2021-08-30,20210830,2021,8,August,3,30,Monday,35
2021-08-31,20210831,2021,8,August,3,31,Tuesday,35
2021-09-01,20210901,2021,9,September,3,1,Wednesday,35
2021-09-02,20210902,2021,9,September,3,2,Thursday,35
2021-09-03,20210903,2021,9,September,3,3,Friday,35
2021-09-04,20210904,2021,9,September,3,4,Saturday,35
2021-09-05,20210905,2021,9,September,3,5,Sunday,35
2021-09-06,20210906,2021,9,September,3,6,Monday,36
2021-09-07,20210907,2021,9,September,3,7,Tuesday,36
2021-09-08,20210908,2021,9,September,3,8,Wednesday,36
2021-09-09,20210909,2021,9,September,3,9,Thursday,36
2021-09-10,20210910,2021,9,September,3,10,Friday,36
2021-09-11,20210911,2021,9,September,3,11,Saturday,36
2021-09-12,20210912,2021,9,September,3,12,Sunday,36
2021-09-13,20210913,2021,9,September,3,13,Monday,37
2021-09-14,20210914,2021,9,September,3,14,Tuesday,37
2021-09-15,20210915,2021,9,September,3,15,Wednesday,37
2021-09-16,20210916,2021,9,September,3,16,Thursday,37
2021-09-17,20210917,2021,9,September,3,17,Friday,37
2021-09-18,20210918,2021,9,September,3,18,Saturday,37
2021-09-19,20210919,2021,9,September,3,19,Sunday,37
2021-09-20,20210920,2021,9,September,3,20,Monday,38
2021-09-21,20210921,2021,9,September,3,21,Tuesday,38
2021-09-22,20210922,2021,9,September,3,22,Wednesday,38
2021-09-23,20210923,2021,9,September,3,23,Thursday,38
2021-09-24,20210924,2021,9,September,3,24,Friday,38
2021-09-25,20210925,2021,9,September,3,25,Saturday,38
2021-09-26,20210926,2021,9,September,3,26,Sunday,38
2021-09-27,20210927,2021,9,September,3,27,Monday,39
2021-09-28,20210928,2021,9,September,3,28,Tuesday,39
2021-09-29,20210929,2021,9,September,3,29,Wednesday,39
2021-09-30,20210930,2021,9,September,3,30,Thursday,39
2021-10-01,20211001,2021,10,October,4,1,Friday,39
2021-10-02,20211002,2021,10,October,4,2,Saturday,39
2021-10-03,20211003,2021,10,October,4,3,Sunday,39
2021-10-04,20211004,2021,10,October,4,4,Monday,40
2021-10-05,20211005,2021,10,October,4,5,Tuesday,40
2021-10-06,20211006,2021,10,October,4,6,Wednesday,40
2021-10-07,20211007,2021,10,October,4,7,Thursday,40
2021-10-08,20211008,2021,10,October,4,8,Friday,40
2021-10-09,20211009,2021,10,October,4,9,Saturday,40
2021-10-10,20211010,2021,10,October,4,10,Sunday,40
2021-10-11,20211011,2021,10,October,4,11,Monday,41
2021-10-12,20211012,2021,10,October,4,12,Tuesday,41
2021-10-13,20211013,2021,10,October,4,13,Wednesday,41
2021-10-14,20211014,2021,10,October,4,14,Thursday,41
2021-10-15,20211015,2021,10,October,4,15,Friday,41
2021-10-16,20211016,2021,10,October,4,16,Saturday,41
2021-10-17,20211017,2021,10,October,4,17,Sunday,41
2021-10-18,20211018,2021,10,October,4,18,Monday,42
2021-10-19,20211019,2021,10,October,4,19,Tuesday,42
2021-10-20,20211020,2021,10,October,4,20,Wednesday,42
2021-10-21,20211021,2021,10,October,4,21,Thursday,42
2021-10-22,20211022,2021,10,October,4,22,Friday,42
2021-10-23,20211023,2021,10,October,4,23,Saturday,42
2021-10-24,20211024,2021,10,October,4,24,Sunday,42
2021-10-25,20211025,2021,10,October,4,25,Monday,43
2021-10-26,20211026,2021,10,October,4,26,Tuesday,43
2021-10-27,20211027,2021,10,October,4,27,Wednesday,43
2021-10-28,20211028,2021,10,October,4,28,Thursday,43
2021-10-29,20211029,2021,10,October,4,29,Friday,43
2021-10-30,20211030,2021,10,October,4,30,Saturday,43
2021-10-31,20211031,2021,10,October,4,31,Sunday,43
2021-11-01,20211101,2021,11,November,4,1,Monday,44
2021-11-02,20211102,2021,11,November,4,2,Tuesday,44
2021-11-03,20211103,2021,11,November,4,3,Wednesday,44
2021-11-04,20211104,2021,11,November,4,4,Thursday,44
2021-11-05,20211105,2021,11,November,4,5,Friday,44
2021-11-06,20211106,2021,11,November,4,6,Saturday,44
2021-11-07,20211107,2021,11,November,4,7,Sunday,44
2021-11-08,20211108,2021,11,November,4,8,Monday,45
2021-11-09,20211109,2021,11,November,4,9,Tuesday,45
2021-11-10,20211110,2021,11,November,4,10,Wednesday,45
2021-11-11,20211111,2021,11,November,4,11,Thursday,45
2021-11-12,20211112,2021,11,November,4,12,Friday,45
2021-11-13,20211113,2021,11,November,4,13,Saturday,45
2021-11-14,20211114,2021,11,November,4,14,Sunday,45
2021-11-15,20211115,2021,11,November,4,15,Monday,46
2021-11-16,20211116,2021,11,November,4,16,Tuesday,46
2021-11-17,20211117,2021,11,November,4,17,Wednesday,46
2021-11-18,20211118,2021,11,November,4,18,Thursday,46
2021-11-19,20211119,2021,11,November,4,19,Friday,46
2021-11-20,20211120,2021,11,November,4,20,Saturday,46
2021-11-21,20211121,2021,11,November,4,21,Sunday,46
2021-11-22,20211122,2021,11,November,4,22,Monday,47
2021-11-23,20211123,2021,11,November,4,23,Tuesday,47
2021-11-24,20211124,2021,11,November,4,24,Wednesday,47
2021-11-25,20211125,2021,11,November,4,25,Thursday,47
2021-11-26,20211126,2021,11,November,4,26,Friday,47
2021-11-27,20211127,2021,11,November,4,27,Saturday,47
2021-11-28,20211128,2021,11,November,4,28,Sunday,47
2021-11-29,20211129,2021,11,November,4,29,Monday,48
2021-11-30,20211130,2021,11,November,4,30,Tuesday,48
2021-12-01,20211201,2021,12,December,4,1,Wednesday,48
2021-12-02,20211202,2021,12,December,4,2,Thursday,48
2021-12-03,20211203,2021,12,December,4,3,Friday,48
2021-12-04,20211204,2021,12,December,4,4,Saturday,48
2021-12-05,20211205,2021,12,December,4,5,Sunday,48
2021-12-06,20211206,2021,12,December,4,6,Monday,49
2021-12-07,20211207,2021,12,December,4,7,Tuesday,49
2021-12-08,20211208,2021,12,December,4,8,Wednesday,49
2021-12-09,20211209,2021,12,December,4,9,Thursday,49
2021-12-10,20211210,2021,12,December,4,10,Friday,49
2021-12-11,20211211,2021,12,December,4,11,Saturday,49
2021-12-12,20211212,2021,12,December,4,12,Sunday,49
2021-12-13,20211213,2021,12,December,4,13,Monday,50
2021-12-14,20211214,2021,12,December,4,14,Tuesday,50
2021-12-15,20211215,2021,12,December,4,15,Wednesday,50
2021-12-16,20211216,2021,12,December,4,16,Thursday,50
2021-12-17,20211217,2021,12,December,4,17,Friday,50
2021-12-18,20211218,2021,12,December,4,18,Saturday,50
2021-12-19,20211219,2021,12,December,4,19,Sunday,50
2021-12-20,20211220,2021,12,December,4,20,Monday,51
2021-12-21,20211221,2021,12,December,4,21,Tuesday,51
2021-12-22,20211222,2021,12,December,4,22,Wednesday,51
2021-12-23,20211223,2021,12,December,4,23,Thursday,51
2021-12-24,20211224,2021,12,December,4,24,Friday,51
2021-12-25,20211225,2021,12,December,4,25,Saturday,51
2021-12-26,20211226,2021,12,December,4,26,Sunday,51
2021-12-27,20211227,2021,12,December,4,27,Monday,52
2021-12-28,20211228,2021,12,December,4,28,Tuesday,52
2021-12-29,20211229,2021,12,December,4,29,Wednesday,52
2021-12-30,20211230,2021,12,December,4,30,Thursday,52
2021-12-31,20211231,2021,12,December,4,31,Friday,52
2022-01-01,20220101,2022,1,January,1,1,Saturday,52
2022-01-02,20220102,2022,1,January,1,2,Sunday,52
2022-01-03,20220103,2022,1,January,1,3,Monday,1
2022-01-04,20220104,2022,1,January,1,4,Tuesday,1
2022-01-05,20220105,2022,1,January,1,5,Wednesday,1
2022-01-06,20220106,2022,1,January,1,6,Thursday,1
2022-01-07,20220107,2022,1,January,1,7,Friday,1
2022-01-08,20220108,2022,1,January,1,8,Saturday,1
2022-01-09,20220109,2022,1,January,1,9,Sunday,1
2022-01-10,20220110,2022,1,January,1,10,Monday,2
2022-01-11,20220111,2022,1,January,1,11,Tuesday,2
2022-01-12,20220112,2022,1,January,1,12,Wednesday,2
2022-01-13,20220113,2022,1,January,1,13,Thursday,2
2022-01-14,20220114,2022,1,January,1,14,Friday,2
2022-01-15,20220115,2022,1,January,1,15,Saturday,2
2022-01-16,20220116,2022,1,January,1,16,Sunday,2
2022-01-17,20220117,2022,1,January,1,17,Monday,3
2022-01-18,20220118,2022,1,January,1,18,Tuesday,3
2022-01-19,20220119,2022,1,January,1,19,Wednesday,3
2022-01-20,20220120,2022,1,January,1,20,Thursday,3
2022-01-21,20220121,2022,1,January,1,21,Friday,3
2022-01-22,20220122,2022,1,January,1,22,Saturday,3
2022-01-23,20220123,2022,1,January,1,23,Sunday,3
2022-01-24,20220124,2022,1,January,1,24,Monday,4
2022-01-25,20220125,2022,1,January,1,25,Tuesday,4
2022-01-26,20220126,2022,1,January,1,26,Wednesday,4
2022-01-27,20220127,2022,1,January,1,27,Thursday,4
2022-01-28,20220128,2022,1,January,1,28,Friday,4
2022-01-29,20220129,2022,1,January,1,29,Saturday,4
2022-01-30,20220130,2022,1,January,1,30,Sunday,4
2022-01-31,20220131,2022,1,January,1,31,Monday,5
2022-02-01,20220201,2022,2,February,1,1,Tuesday,5
2022-02-02,20220202,2022,2,February,1,2,Wednesday,5
2022-02-03,20220203,2022,2,February,1,3,Thursday,5
2022-02-04,20220204,2022,2,February,1,4,Friday,5
2022-02-05,20220205,2022,2,February,1,5,Saturday,5
2022-02-06,20220206,2022,2,February,1,6,Sunday,5
2022-02-07,20220207,2022,2,February,1,7,Monday,6
2022-02-08,20220208,2022,2,February,1,8,Tuesday,6
2022-02-09,20220209,2022,2,February,1,9,Wednesday,6
2022-02-10,20220210,2022,2,February,1,10,Thursday,6
2022-02-11,20220211,2022,2,February,1,11,Friday,6
2022-02-12,20220212,2022,2,February,1,12,Saturday,6
2022-02-13,20220213,2022,2,February,1,13,Sunday,6
2022-02-14,20220214,2022,2,February,1,14,Monday,7
2022-02-15,20220215,2022,2,February,1,15,Tuesday,7
2022-02-16,20220216,2022,2,February,1,16,Wednesday,7
2022-02-17,20220217,2022,2,February,1,17,Thursday,7
2022-02-18,20220218,2022,2,February,1,18,Friday,7
2022-02-19,20220219,2022,2,February,1,19,Saturday,7
2022-02-20,20220220,2022,2,February,1,20,Sunday,7
2022-02-21,20220221,2022,2,February,1,21,Monday,8
2022-02-22,20220222,2022,2,February,1,22,Tuesday,8
2022-02-23,20220223,2022,2,February,1,23,Wednesday,8
2022-02-24,20220224,2022,2,February,1,24,Thursday,8
2022-02-25,20220225,2022,2,February,1,25,Friday,8
2022-02-26,20220226,2022,2,February,1,26,Saturday,8
2022-02-27,20220227,2022,2,February,1,27,Sunday,8
2022-02-28,20220228,2022,2,February,1,28,Monday,9
2022-03-01,20220301,2022,3,March,1,1,Tuesday,9
2022-03-02,20220302,2022,3,March,1,2,Wednesday,9
2022-03-03,20220303,2022,3,March,1,3,Thursday,9
2022-03-04,20220304,2022,3,March,1,4,Friday,9
2022-03-05,20220305,2022,3,March,1,5,Saturday,9
2022-03-06,20220306,2022,3,March,1,6,Sunday,9
2022-03-07,20220307,2022,3,March,1,7,Monday,10
2022-03-08,20220308,2022,3,March,1,8,Tuesday,10
2022-03-09,20220309,2022,3,March,1,9,Wednesday,10
2022-03-10,20220310,2022,3,March,1,10,Thursday,10
2022-03-11,20220311,2022,3,March,1,11,Friday,10
2022-03-12,20220312,2022,3,March,1,12,Saturday,10
2022-03-13,20220313,2022,3,March,1,13,Sunday,10
2022-03-14,20220314,2022,3,March,1,14,Monday,11
2022-03-15,20220315,2022,3,March,1,15,Tuesday,11
2022-03-16,20220316,2022,3,March,1,16,Wednesday,11
2022-03-17,20220317,2022,3,March,1,17,Thursday,11
2022-03-18,20220318,2022,3,March,1,18,Friday,11
2022-03-19,20220319,2022,3,March,1,19,Saturday,11
2022-03-20,20220320,2022,3,March,1,20,Sunday,11
2022-03-21,20220321,2022,3,March,1,21,Monday,12
2022-03-22,20220322,2022,3,March,1,22,Tuesday,12
2022-03-23,20220323,2022,3,March,1,23,Wednesday,12
2022-03-24,20220324,2022,3,March,1,24,Thursday,12
2022-03-25,20220325,2022,3,March,1,25,Friday,12
2022-03-26,20220326,2022,3,March,1,26,Saturday,12
2022-03-27,20220327,2022,3,March,1,27,Sunday,12
2022-03-28,20220328,2022,3,March,1,28,Monday,13
2022-03-29,20220329,2022,3,March,1,29,Tuesday,13
2022-03-30,20220330,2022,3,March,1,30,Wednesday,13
2022-03-31,20220331,2022,3,March,1,31,Thursday,13
2022-04-01,20220401,2022,4,April,2,1,Friday,13
2022-04-02,20220402,2022,4,April,2,2,Saturday,13
2022-04-03,20220403,2022,4,April,2,3,Sunday,13
2022-04-04,20220404,2022,4,April,2,4,Monday,14
2022-04-05,20220405,2022,4,April,2,5,Tuesday,14
2022-04-06,20220406,2022,4,April,2,6,Wednesday,14
2022-04-07,20220407,2022,4,April,2,7,Thursday,14
2022-04-08,20220408,2022,4,April,2,8,Friday,14
2022-04-09,20220409,2022,4,April,2,9,Saturday,14
2022-04-10,20220410,2022,4,April,2,10,Sunday,14
2022-04-11,20220411,2022,4,April,2,11,Monday,15
2022-04-12,20220412,2022,4,April,2,12,Tuesday,15
2022-04-13,20220413,2022,4,April,2,13,Wednesday,15
2022-04-14,20220414,2022,4,April,2,14,Thursday,15
2022-04-15,20220415,2022,4,April,2,15,Friday,15
2022-04-16,20220416,2022,4,April,2,16,Saturday,15
2022-04-17,20220417,2022,4,April,2,17,Sunday,15
2022-04-18,20220418,2022,4,April,2,18,Monday,16
2022-04-19,20220419,2022,4,April,2,19,Tuesday,16
2022-04-20,20220420,2022,4,April,2,20,Wednesday,16
2022-04-21,20220421,2022,4,April,2,21,Thursday,16
2022-04-22,20220422,2022,4,April,2,22,Friday,16
2022-04-23,20220423,2022,4,April,2,23,Saturday,16
2022-04-24,20220424,2022,4,April,2,24,Sunday,16
2022-04-25,20220425,2022,4,April,2,25,Monday,17
2022-04-26,20220426,2022,4,April,2,26,Tuesday,17
2022-04-27,20220427,2022,4,April,2,27,Wednesday,17
2022-04-28,20220428,2022,4,April,2,28,Thursday,17
2022-04-29,20220429,2022,4,April,2,29,Friday,17
2022-04-30,20220430,2022,4,April,2,30,Saturday,17
2022-05-01,20220501,2022,5,May,2,1,Sunday,17
2022-05-02,20220502,2022,5,May,2,2,Monday,18
2022-05-03,20220503,2022,5,May,2,3,Tuesday,18
2022-05-04,20220504,2022,5,May,2,4,Wednesday,18
2022-05-05,20220505,2022,5,May,2,5,Thursday,18
2022-05-06,20220506,2022,5,May,2,6,Friday,18
2022-05-07,20220507,2022,5,May,2,7,Saturday,18
2022-05-08,20220508,2022,5,May,2,8,Sunday,18
2022-05-09,20220509,2022,5,May,2,9,Monday,19
2022-05-10,20220510,2022,5,May,2,10,Tuesday,19
2022-05-11,20220511,2022,5,May,2,11,Wednesday,19
2022-05-12,20220512,2022,5,May,2,12,Thursday,19
2022-05-13,20220513,2022,5,May,2,13,Friday,19
2022-05-14,20220514,2022,5,May,2,14,Saturday,19
2022-05-15,20220515,2022,5,May,2,15,Sunday,19
2022-05-16,20220516,2022,5,May,2,16,Monday,20
2022-05-17,20220517,2022,5,May,2,17,Tuesday,20
2022-05-18,20220518,2022,5,May,2,18,Wednesday,20
2022-05-19,20220519,2022,5,May,2,19,Thursday,20
2022-05-20,20220520,2022,5,May,2,20,Friday,20
2022-05-21,20220521,2022,5,May,2,21,Saturday,20
2022-05-22,20220522,2022,5,May,2,22,Sunday,20
2022-05-23,20220523,2022,5,May,2,23,Monday,21
2022-05-24,20220524,2022,5,May,2,24,Tuesday,21
2022-05-25,20220525,2022,5,May,2,25,Wednesday,21
2022-05-26,20220526,2022,5,May,2,26,Thursday,21
2022-05-27,20220527,2022,5,May,2,27,Friday,21
2022-05-28,20220528,2022,5,May,2,28,Saturday,21
2022-05-29,20220529,2022,5,May,2,29,Sunday,21
2022-05-30,20220530,2022,5,May,2,30,Monday,22
2022-05-31,20220531,2022,5,May,2,31,Tuesday,22
2022-06-01,20220601,2022,6,June,2,1,Wednesday,22
2022-06-02,20220602,2022,6,June,2,2,Thursday,22
2022-06-03,20220603,2022,6,June,2,3,Friday,22
2022-06-04,20220604,2022,6,June,2,4,Saturday,22
2022-06-05,20220605,2022,6,June,2,5,Sunday,22
2022-06-06,20220606,2022,6,June,2,6,Monday,23
2022-06-07,20220607,2022,6,June,2,7,Tuesday,23
2022-06-08,20220608,2022,6,June,2,8,Wednesday,23
2022-06-09,20220609,2022,6,June,2,9,Thursday,23
2022-06-10,20220610,2022,6,June,2,10,Friday,23
2022-06-11,20220611,2022,6,June,2,11,Saturday,23
2022-06-12,20220612,2022,6,June,2,12,Sunday,23
2022-06-13,20220613,2022,6,June,2,13,Monday,24
2022-06-14,20220614,2022,6,June,2,14,Tuesday,24
2022-06-15,20220615,2022,6,June,2,15,Wednesday,24
2022-06-16,20220616,2022,6,June,2,16,Thursday,24
2022-06-17,20220617,2022,6,June,2,17,Friday,24
2022-06-18,20220618,2022,6,June,2,18,Saturday,24
2022-06-19,20220619,2022,6,June,2,19,Sunday,24
2022-06-20,20220620,2022,6,June,2,20,Monday,25
2022-06-21,20220621,2022,6,June,2,21,Tuesday,25
2022-06-22,20220622,2022,6,June,2,22,Wednesday,25
2022-06-23,20220623,2022,6,June,2,23,Thursday,25
2022-06-24,20220624,2022,6,June,2,24,Friday,25
2022-06-25,20220625,2022,6,June,2,25,Saturday,25
2022-06-26,20220626,2022,6,June,2,26,Sunday,25
2022-06-27,20220627,2022,6,June,2,27,Monday,26
2022-06-28,20220628,2022,6,June,2,28,Tuesday,26
2022-06-29,20220629,2022,6,June,2,29,Wednesday,26
2022-06-30,20220630,2022,6,June,2,30,Thursday,26
2022-07-01,20220701,2022,7,July,3,1,Friday,26
2022-07-02,20220702,2022,7,July,3,2,Saturday,26
2022-07-03,20220703,2022,7,July,3,3,Sunday,26
2022-07-04,20220704,2022,7,July,3,4,Monday,27
2022-07-05,20220705,2022,7,July,3,5,Tuesday,27
2022-07-06,20220706,2022,7,July,3,6,Wednesday,27
2022-07-07,20220707,2022,7,July,3,7,Thursday,27
2022-07-08,20220708,2022,7,July,3,8,Friday,27
2022-07-09,20220709,2022,7,July,3,9,Saturday,27
2022-07-10,20220710,2022,7,July,3,10,Sunday,27
2022-07-11,20220711,2022,7,July,3,11,Monday,28
2022-07-12,20220712,2022,7,July,3,12,Tuesday,28
2022-07-13,20220713,2022,7,July,3,13,Wednesday,28
2022-07-14,20220714,2022,7,July,3,14,Thursday,28
2022-07-15,20220715,2022,7,July,3,15,Friday,28
2022-07-16,20220716,2022,7,July,3,16,Saturday,28
2022-07-17,20220717,2022,7,July,3,17,Sunday,28
2022-07-18,20220718,2022,7,July,3,18,Monday,29
2022-07-19,20220719,2022,7,July,3,19,Tuesday,29
2022-07-20,20220720,2022,7,July,3,20,Wednesday,29
2022-07-21,20220721,2022,7,July,3,21,Thursday,29
2022-07-22,20220722,2022,7,July,3,22,Friday,29
2022-07-23,20220723,2022,7,July,3,23,Saturday,29
2022-07-24,20220724,2022,7,July,3,24,Sunday,29
2022-07-25,20220725,2022,7,July,3,25,Monday,30
2022-07-26,20220726,2022,7,July,3,26,Tuesday,30
2022-07-27,20220727,2022,7,July,3,27,Wednesday,30
2022-07-28,20220728,2022,7,July,3,28,Thursday,30
2022-07-29,20220729,2022,7,July,3,29,Friday,30
2022-07-30,20220730,2022,7,July,3,30,Saturday,30
2022-07-31,20220731,2022,7,July,3,31,Sunday,30
2022-08-01,20220801,2022,8,August,3,1,Monday,31
2022-08-02,20220802,2022,8,August,3,2,Tuesday,31
2022-08-03,20220803,2022,8,August,3,3,Wednesday,31
2022-08-04,20220804,2022,8,August,3,4,Thursday,31
2022-08-05,20220805,2022,8,August,3,5,Friday,31
2022-08-06,20220806,2022,8,August,3,6,Saturday,31
2022-08-07,20220807,2022,8,August,3,7,Sunday,31
2022-08-08,20220808,2022,8,August,3,8,Monday,32
2022-08-09,20220809,2022,8,August,3,9,Tuesday,32
2022-08-10,20220810,2022,8,August,3,10,Wednesday,32
2022-08-11,20220811,2022,8,August,3,11,Thursday,32
2022-08-12,20220812,2022,8,August,3,12,Friday,32
2022-08-13,20220813,2022,8,August,3,13,Saturday,32
2022-08-14,20220814,2022,8,August,3,14,Sunday,32
2022-08-15,20220815,2022,8,August,3,15,Monday,33
2022-08-16,20220816,2022,8,August,3,16,Tuesday,33
2022-08-17,20220817,2022,8,August,3,17,Wednesday,33
2022-08-18,20220818,2022,8,August,3,18,Thursday,33
2022-08-19,20220819,2022,8,August,3,19,Friday,33
2022-08-20,20220820,2022,8,August,3,20,Saturday,33
2022-08-21,20220821,2022,8,August,3,21,Sunday,33
2022-08-22,20220822,2022,8,August,3,22,Monday,34
2022-08-23,20220823,2022,8,August,3,23,Tuesday,34
2022-08-24,20220824,2022,8,August,3,24,Wednesday,34
2022-08-25,20220825,2022,8,August,3,25,Thursday,34
2022-08-26,20220826,2022,8,August,3,26,Friday,34
2022-08-27,20220827,2022,8,August,3,27,Saturday,34
2022-08-28,20220828,2022,8,August,3,28,Sunday,34
2022-08-29,20220829,2022,8,August,3,29,Monday,35
2022-08-30,20220830,2022,8,August,3,30,Tuesday,35
2022-08-31,20220831,2022,8,August,3,31,Wednesday,35
2022-09-01,20220901,2022,9,September,3,1,Thursday,35
2022-09-02,20220902,2022,9,September,3,2,Friday,35
2022-09-03,20220903,2022,9,September,3,3,Saturday,35
2022-09-04,20220904,2022,9,September,3,4,Sunday,35
2022-09-05,20220905,2022,9,September,3,5,Monday,36
2022-09-06,20220906,2022,9,September,3,6,Tuesday,36
2022-09-07,20220907,2022,9,September,3,7,Wednesday,36
2022-09-08,20220908,2022,9,September,3,8,Thursday,36
2022-09-09,20220909,2022,9,September,3,9,Friday,36
2022-09-10,20220910,2022,9,September,3,10,Saturday,36
2022-09-11,20220911,2022,9,September,3,11,Sunday,36
2022-09-12,20220912,2022,9,September,3,12,Monday,37
2022-09-13,20220913,2022,9,September,3,13,Tuesday,37
2022-09-14,20220914,2022,9,September,3,14,Wednesday,37
2022-09-15,20220915,2022,9,September,3,15,Thursday,37
2022-09-16,20220916,2022,9,September,3,16,Friday,37
2022-09-17,20220917,2022,9,September,3,17,Saturday,37
2022-09-18,20220918,2022,9,September,3,18,Sunday,37
2022-09-19,20220919,2022,9,September,3,19,Monday,38
2022-09-20,20220920,2022,9,September,3,20,Tuesday,38
2022-09-21,20220921,2022,9,September,3,21,Wednesday,38
2022-09-22,20220922,2022,9,September,3,22,Thursday,38
2022-09-23,20220923,2022,9,September,3,23,Friday,38
2022-09-24,20220924,2022,9,September,3,24,Saturday,38
2022-09-25,20220925,2022,9,September,3,25,Sunday,38
2022-09-26,20220926,2022,9,September,3,26,Monday,39
2022-09-27,20220927,2022,9,September,3,27,Tuesday,39
2022-09-28,20220928,2022,9,September,3,28,Wednesday,39
2022-09-29,20220929,2022,9,September,3,29,Thursday,39
2022-09-30,20220930,2022,9,September,3,30,Friday,39
2022-10-01,20221001,2022,10,October,4,1,Saturday,39
2022-10-02,20221002,2022,10,October,4,2,Sunday,39
2022-10-03,20221003,2022,10,October,4,3,Monday,40
2022-10-04,20221004,2022,10,October,4,4,Tuesday,40
2022-10-05,20221005,2022,10,October,4,5,Wednesday,40
2022-10-06,20221006,2022,10,October,4,6,Thursday,40
2022-10-07,20221007,2022,10,October,4,7,Friday,40
2022-10-08,20221008,2022,10,October,4,8,Saturday,40
2022-10-09,20221009,2022,10,October,4,9,Sunday,40
2022-10-10,20221010,2022,10,October,4,10,Monday,41
2022-10-11,20221011,2022,10,October,4,11,Tuesday,41
2022-10-12,20221012,2022,10,October,4,12,Wednesday,41
2022-10-13,20221013,2022,10,October,4,13,Thursday,41
2022-10-14,20221014,2022,10,October,4,14,Friday,41
2022-10-15,20221015,2022,10,October,4,15,Saturday,41
2022-10-16,20221016,2022,10,October,4,16,Sunday,41
2022-10-17,20221017,2022,10,October,4,17,Monday,42
2022-10-18,20221018,2022,10,October,4,18,Tuesday,42
2022-10-19,20221019,2022,10,October,4,19,Wednesday,42
2022-10-20,20221020,2022,10,October,4,20,Thursday,42
2022-10-21,20221021,2022,10,October,4,21,Friday,42
2022-10-22,20221022,2022,10,October,4,22,Saturday,42
2022-10-23,20221023,2022,10,October,4,23,Sunday,42
2022-10-24,20221024,2022,10,October,4,24,Monday,43
2022-10-25,20221025,2022,10,October,4,25,Tuesday,43
2022-10-26,20221026,2022,10,October,4,26,Wednesday,43
2022-10-27,20221027,2022,10,October,4,27,Thursday,43
2022-10-28,20221028,2022,10,October,4,28,Friday,43
2022-10-29,20221029,2022,10,October,4,29,Saturday,43
2022-10-30,20221030,2022,10,October,4,30,Sunday,43
2022-10-31,20221031,2022,10,October,4,31,Monday,44
2022-11-01,20221101,2022,11,November,4,1,Tuesday,44
2022-11-02,20221102,2022,11,November,4,2,Wednesday,44
2022-11-03,20221103,2022,11,November,4,3,Thursday,44
2022-11-04,20221104,2022,11,November,4,4,Friday,44
2022-11-05,20221105,2022,11,November,4,5,Saturday,44
2022-11-06,20221106,2022,11,November,4,6,Sunday,44
2022-11-07,20221107,2022,11,November,4,7,Monday,45
2022-11-08,20221108,2022,11,November,4,8,Tuesday,45
2022-11-09,20221109,2022,11,November,4,9,Wednesday,45
2022-11-10,20221110,2022,11,November,4,10,Thursday,45
2022-11-11,20221111,2022,11,November,4,11,Friday,45
2022-11-12,20221112,2022,11,November,4,12,Saturday,45
2022-11-13,20221113,2022,11,November,4,13,Sunday,45
2022-11-14,20221114,2022,11,November,4,14,Monday,46
2022-11-15,20221115,2022,11,November,4,15,Tuesday,46
2022-11-16,20221116,2022,11,November,4,16,Wednesday,46
2022-11-17,20221117,2022,11,November,4,17,Thursday,46
2022-11-18,20221118,2022,11,November,4,18,Friday,46
2022-11-19,20221119,2022,11,November,4,19,Saturday,46
2022-11-20,20221120,2022,11,November,4,20,Sunday,46
2022-11-21,20221121,2022,11,November,4,21,Monday,47
2022-11-22,20221122,2022,11,November,4,22,Tuesday,47
2022-11-23,20221123,2022,11,November,4,23,Wednesday,47
2022-11-24,20221124,2022,11,November,4,24,Thursday,47
2022-11-25,20221125,2022,11,November,4,25,Friday,47
2022-11-26,20221126,2022,11,November,4,26,Saturday,47
2022-11-27,20221127,2022,11,November,4,27,Sunday,47
2022-11-28,20221128,2022,11,November,4,28,Monday,48
2022-11-29,20221129,2022,11,November,4,29,Tuesday,48
2022-11-30,20221130,2022,11,November,4,30,Wednesday,48
2022-12-01,20221201,2022,12,December,4,1,Thursday,48
2022-12-02,20221202,2022,12,December,4,2,Friday,48
2022-12-03,20221203,2022,12,December,4,3,Saturday,48
2022-12-04,20221204,2022,12,December,4,4,Sunday,48
2022-12-05,20221205,2022,12,December,4,5,Monday,49
2022-12-06,20221206,2022,12,December,4,6,Tuesday,49
2022-12-07,20221207,2022,12,December,4,7,Wednesday,49
2022-12-08,20221208,2022,12,December,4,8,Thursday,49
2022-12-09,20221209,2022,12,December,4,9,Friday,49
2022-12-10,20221210,2022,12,December,4,10,Saturday,49
2022-12-11,20221211,2022,12,December,4,11,Sunday,49
2022-12-12,20221212,2022,12,December,4,12,Monday,50
2022-12-13,20221213,2022,12,December,4,13,Tuesday,50
2022-12-14,20221214,2022,12,December,4,14,Wednesday,50
2022-12-15,20221215,2022,12,December,4,15,Thursday,50
2022-12-16,20221216,2022,12,December,4,16,Friday,50
2022-12-17,20221217,2022,12,December,4,17,Saturday,50
2022-12-18,20221218,2022,12,December,4,18,Sunday,50
2022-12-19,20221219,2022,12,December,4,19,Monday,51
2022-12-20,20221220,2022,12,December,4,20,Tuesday,51
2022-12-21,20221221,2022,12,December,4,21,Wednesday,51
2022-12-22,20221222,2022,12,December,4,22,Thursday,51
2022-12-23,20221223,2022,12,December,4,23,Friday,51
2022-12-24,20221224,2022,12,December,4,24,Saturday,51
2022-12-25,20221225,2022,12,December,4,25,Sunday,51
2022-12-26,20221226,2022,12,December,4,26,Monday,52
2022-12-27,20221227,2022,12,December,4,27,Tuesday,52
2022-12-28,20221228,2022,12,December,4,28,Wednesday,52
2022-12-29,20221229,2022,12,December,4,29,Thursday,52
2022-12-30,20221230,2022,12,December,4,30,Friday,52
2022-12-31,20221231,2022,12,December,4,31,Saturday,52
2023-01-01,20230101,2023,1,January,1,1,Sunday,52
2023-01-02,20230102,2023,1,January,1,2,Monday,1
2023-01-03,20230103,2023,1,January,1,3,Tuesday,1
2023-01-04,20230104,2023,1,January,1,4,Wednesday,1
2023-01-05,20230105,2023,1,January,1,5,Thursday,1
2023-01-06,20230106,2023,1,January,1,6,Friday,1
2023-01-07,20230107,2023,1,January,1,7,Saturday,1
2023-01-08,20230108,2023,1,January,1,8,Sunday,1
2023-01-09,20230109,2023,1,January,1,9,Monday,2
2023-01-10,20230110,2023,1,January,1,10,Tuesday,2
2023-01-11,20230111,2023,1,January,1,11,Wednesday,2
2023-01-12,20230112,2023,1,January,1,12,Thursday,2
2023-01-13,20230113,2023,1,January,1,13,Friday,2
2023-01-14,20230114,2023,1,January,1,14,Saturday,2
2023-01-15,20230115,2023,1,January,1,15,Sunday,2
2023-01-16,20230116,2023,1,January,1,16,Monday,3
2023-01-17,20230117,2023,1,January,1,17,Tuesday,3
2023-01-18,20230118,2023,1,January,1,18,Wednesday,3
2023-01-19,20230119,2023,1,January,1,19,Thursday,3
2023-01-20,20230120,2023,1,January,1,20,Friday,3
2023-01-21,20230121,2023,1,January,1,21,Saturday,3
2023-01-22,20230122,2023,1,January,1,22,Sunday,3
2023-01-23,20230123,2023,1,January,1,23,Monday,4
2023-01-24,20230124,2023,1,January,1,24,Tuesday,4
2023-01-25,20230125,2023,1,January,1,25,Wednesday,4
2023-01-26,20230126,2023,1,January,1,26,Thursday,4
2023-01-27,20230127,2023,1,January,1,27,Friday,4
2023-01-28,20230128,2023,1,January,1,28,Saturday,4
2023-01-29,20230129,2023,1,January,1,29,Sunday,4
2023-01-30,20230130,2023,1,January,1,30,Monday,5
2023-01-31,20230131,2023,1,January,1,31,Tuesday,5
2023-02-01,20230201,2023,2,February,1,1,Wednesday,5
2023-02-02,20230202,2023,2,February,1,2,Thursday,5
2023-02-03,20230203,2023,2,February,1,3,Friday,5
2023-02-04,20230204,2023,2,February,1,4,Saturday,5
2023-02-05,20230205,2023,2,February,1,5,Sunday,5
2023-02-06,20230206,2023,2,February,1,6,Monday,6
2023-02-07,20230207,2023,2,February,1,7,Tuesday,6
2023-02-08,20230208,2023,2,February,1,8,Wednesday,6
2023-02-09,20230209,2023,2,February,1,9,Thursday,6
2023-02-10,20230210,2023,2,February,1,10,Friday,6
2023-02-11,20230211,2023,2,February,1,11,Saturday,6
2023-02-12,20230212,2023,2,February,1,12,Sunday,6
2023-02-13,20230213,2023,2,February,1,13,Monday,7
2023-02-14,20230214,2023,2,February,1,14,Tuesday,7
2023-02-15,20230215,2023,2,February,1,15,Wednesday,7
2023-02-16,20230216,2023,2,February,1,16,Thursday,7
2023-02-17,20230217,2023,2,February,1,17,Friday,7
2023-02-18,20230218,2023,2,February,1,18,Saturday,7
2023-02-19,20230219,2023,2,February,1,19,Sunday,7
2023-02-20,20230220,2023,2,February,1,20,Monday,8
2023-02-21,20230221,2023,2,February,1,21,Tuesday,8
2023-02-22,20230222,2023,2,February,1,22,Wednesday,8
2023-02-23,20230223,2023,2,February,1,23,Thursday,8
2023-02-24,20230224,2023,2,February,1,24,Friday,8
2023-02-25,20230225,2023,2,February,1,25,Saturday,8
2023-02-26,20230226,2023,2,February,1,26,Sunday,8
2023-02-27,20230227,2023,2,February,1,27,Monday,9
2023-02-28,20230228,2023,2,February,1,28,Tuesday,9
2023-03-01,20230301,2023,3,March,1,1,Wednesday,9
2023-03-02,20230302,2023,3,March,1,2,Thursday,9
2023-03-03,20230303,2023,3,March,1,3,Friday,9
2023-03-04,20230304,2023,3,March,1,4,Saturday,9
2023-03-05,20230305,2023,3,March,1,5,Sunday,9
2023-03-06,20230306,2023,3,March,1,6,Monday,10
2023-03-07,20230307,2023,3,March,1,7,Tuesday,10
2023-03-08,20230308,2023,3,March,1,8,Wednesday,10
2023-03-09,20230309,2023,3,March,1,9,Thursday,10
2023-03-10,20230310,2023,3,March,1,10,Friday,10
2023-03-11,20230311,2023,3,March,1,11,Saturday,10
2023-03-12,20230312,2023,3,March,1,12,Sunday,10
2023-03-13,20230313,2023,3,March,1,13,Monday,11
2023-03-14,20230314,2023,3,March,1,14,Tuesday,11
2023-03-15,20230315,2023,3,March,1,15,Wednesday,11
2023-03-16,20230316,2023,3,March,1,16,Thursday,11
2023-03-17,20230317,2023,3,March,1,17,Friday,11
2023-03-18,20230318,2023,3,March,1,18,Saturday,11
2023-03-19,20230319,2023,3,March,1,19,Sunday,11
2023-03-20,20230320,2023,3,March,1,20,Monday,12
2023-03-21,20230321,2023,3,March,1,21,Tuesday,12
2023-03-22,20230322,2023,3,March,1,22,Wednesday,12
2023-03-23,20230323,2023,3,March,1,23,Thursday,12
2023-03-24,20230324,2023,3,March,1,24,Friday,12
2023-03-25,20230325,2023,3,March,1,25,Saturday,12
2023-03-26,20230326,2023,3,March,1,26,Sunday,12
2023-03-27,20230327,2023,3,March,1,27,Monday,13
2023-03-28,20230328,2023,3,March,1,28,Tuesday,13
2023-03-29,20230329,2023,3,March,1,29,Wednesday,13
2023-03-30,20230330,2023,3,March,1,30,Thursday,13
2023-03-31,20230331,2023,3,March,1,31,Friday,13
2023-04-01,20230401,2023,4,April,2,1,Saturday,13
2023-04-02,20230402,2023,4,April,2,2,Sunday,13
2023-04-03,20230403,2023,4,April,2,3,Monday,14
2023-04-04,20230404,2023,4,April,2,4,Tuesday,14
2023-04-05,20230405,2023,4,April,2,5,Wednesday,14
2023-04-06,20230406,2023,4,April,2,6,Thursday,14
2023-04-07,20230407,2023,4,April,2,7,Friday,14
2023-04-08,20230408,2023,4,April,2,8,Saturday,14
2023-04-09,20230409,2023,4,April,2,9,Sunday,14
2023-04-10,20230410,2023,4,April,2,10,Monday,15
2023-04-11,20230411,2023,4,April,2,11,Tuesday,15
2023-04-12,20230412,2023,4,April,2,12,Wednesday,15
2023-04-13,20230413,2023,4,April,2,13,Thursday,15
2023-04-14,20230414,2023,4,April,2,14,Friday,15
2023-04-15,20230415,2023,4,April,2,15,Saturday,15
2023-04-16,20230416,2023,4,April,2,16,Sunday,15
2023-04-17,20230417,2023,4,April,2,17,Monday,16
2023-04-18,20230418,2023,4,April,2,18,Tuesday,16
2023-04-19,20230419,2023,4,April,2,19,Wednesday,16
2023-04-20,20230420,2023,4,April,2,20,Thursday,16
2023-04-21,20230421,2023,4,April,2,21,Friday,16
2023-04-22,20230422,2023,4,April,2,22,Saturday,16
2023-04-23,20230423,2023,4,April,2,23,Sunday,16
2023-04-24,20230424,2023,4,April,2,24,Monday,17
2023-04-25,20230425,2023,4,April,2,25,Tuesday,17
2023-04-26,20230426,2023,4,April,2,26,Wednesday,17
2023-04-27,20230427,2023,4,April,2,27,Thursday,17
2023-04-28,20230428,2023,4,April,2,28,Friday,17
2023-04-29,20230429,2023,4,April,2,29,Saturday,17
2023-04-30,20230430,2023,4,April,2,30,Sunday,17
2023-05-01,20230501,2023,5,May,2,1,Monday,18
2023-05-02,20230502,2023,5,May,2,2,Tuesday,18
2023-05-03,20230503,2023,5,May,2,3,Wednesday,18
2023-05-04,20230504,2023,5,May,2,4,Thursday,18
2023-05-05,20230505,2023,5,May,2,5,Friday,18
2023-05-06,20230506,2023,5,May,2,6,Saturday,18
2023-05-07,20230507,2023,5,May,2,7,Sunday,18
2023-05-08,20230508,2023,5,May,2,8,Monday,19
2023-05-09,20230509,2023,5,May,2,9,Tuesday,19
2023-05-10,20230510,2023,5,May,2,10,Wednesday,19
2023-05-11,20230511,2023,5,May,2,11,Thursday,19
2023-05-12,20230512,2023,5,May,2,12,Friday,19
2023-05-13,20230513,2023,5,May,2,13,Saturday,19
2023-05-14,20230514,2023,5,May,2,14,Sunday,19
2023-05-15,20230515,2023,5,May,2,15,Monday,20
2023-05-16,20230516,2023,5,May,2,16,Tuesday,20
2023-05-17,20230517,2023,5,May,2,17,Wednesday,20
2023-05-18,20230518,2023,5,May,2,18,Thursday,20
2023-05-19,20230519,2023,5,May,2,19,Friday,20
2023-05-20,20230520,2023,5,May,2,20,Saturday,20
2023-05-21,20230521,2023,5,May,2,21,Sunday,20
2023-05-22,20230522,2023,5,May,2,22,Monday,21
2023-05-23,20230523,2023,5,May,2,23,Tuesday,21
2023-05-24,20230524,2023,5,May,2,24,Wednesday,21
2023-05-25,20230525,2023,5,May,2,25,Thursday,21
2023-05-26,20230526,2023,5,May,2,26,Friday,21
2023-05-27,20230527,2023,5,May,2,27,Saturday,21
2023-05-28,20230528,2023,5,May,2,28,Sunday,21
2023-05-29,20230529,2023,5,May,2,29,Monday,22
2023-05-30,20230530,2023,5,May,2,30,Tuesday,22
2023-05-31,20230531,2023,5,May,2,31,Wednesday,22
2023-06-01,20230601,2023,6,June,2,1,Thursday,22
2023-06-02,20230602,2023,6,June,2,2,Friday,22
2023-06-03,20230603,2023,6,June,2,3,Saturday,22
2023-06-04,20230604,2023,6,June,2,4,Sunday,22
2023-06-05,20230605,2023,6,June,2,5,Monday,23
2023-06-06,20230606,2023,6,June,2,6,Tuesday,23
2023-06-07,20230607,2023,6,June,2,7,Wednesday,23
2023-06-08,20230608,2023,6,June,2,8,Thursday,23
2023-06-09,20230609,2023,6,June,2,9,Friday,23
2023-06-10,20230610,2023,6,June,2,10,Saturday,23
2023-06-11,20230611,2023,6,June,2,11,Sunday,23
2023-06-12,20230612,2023,6,June,2,12,Monday,24
2023-06-13,20230613,2023,6,June,2,13,Tuesday,24
2023-06-14,20230614,2023,6,June,2,14,Wednesday,24
2023-06-15,20230615,2023,6,June,2,15,Thursday,24
2023-06-16,20230616,2023,6,June,2,16,Friday,24
2023-06-17,20230617,2023,6,June,2,17,Saturday,24
2023-06-18,20230618,2023,6,June,2,18,Sunday,24
2023-06-19,20230619,2023,6,June,2,19,Monday,25
2023-06-20,20230620,2023,6,June,2,20,Tuesday,25
2023-06-21,20230621,2023,6,June,2,21,Wednesday,25
2023-06-22,20230622,2023,6,June,2,22,Thursday,25
2023-06-23,20230623,2023,6,June,2,23,Friday,25
2023-06-24,20230624,2023,6,June,2,24,Saturday,25
2023-06-25,20230625,2023,6,June,2,25,Sunday,25
2023-06-26,20230626,2023,6,June,2,26,Monday,26
2023-06-27,20230627,2023,6,June,2,27,Tuesday,26
2023-06-28,20230628,2023,6,June,2,28,Wednesday,26
2023-06-29,20230629,2023,6,June,2,29,Thursday,26
2023-06-30,20230630,2023,6,June,2,30,Friday,26
2023-07-01,20230701,2023,7,July,3,1,Saturday,26
2023-07-02,20230702,2023,7,July,3,2,Sunday,26
2023-07-03,20230703,2023,7,July,3,3,Monday,27
2023-07-04,20230704,2023,7,July,3,4,Tuesday,27
2023-07-05,20230705,2023,7,July,3,5,Wednesday,27
2023-07-06,20230706,2023,7,July,3,6,Thursday,27
2023-07-07,20230707,2023,7,July,3,7,Friday,27
2023-07-08,20230708,2023,7,July,3,8,Saturday,27
2023-07-09,20230709,2023,7,July,3,9,Sunday,27
2023-07-10,20230710,2023,7,July,3,10,Monday,28
2023-07-11,20230711,2023,7,July,3,11,Tuesday,28
2023-07-12,20230712,2023,7,July,3,12,Wednesday,28
2023-07-13,20230713,2023,7,July,3,13,Thursday,28
2023-07-14,20230714,2023,7,July,3,14,Friday,28
2023-07-15,20230715,2023,7,July,3,15,Saturday,28
2023-07-16,20230716,2023,7,July,3,16,Sunday,28
2023-07-17,20230717,2023,7,July,3,17,Monday,29
2023-07-18,20230718,2023,7,July,3,18,Tuesday,29
2023-07-19,20230719,2023,7,July,3,19,Wednesday,29
2023-07-20,20230720,2023,7,July,3,20,Thursday,29
2023-07-21,20230721,2023,7,July,3,21,Friday,29
2023-07-22,20230722,2023,7,July,3,22,Saturday,29
2023-07-23,20230723,2023,7,July,3,23,Sunday,29
2023-07-24,20230724,2023,7,July,3,24,Monday,30
2023-07-25,20230725,2023,7,July,3,25,Tuesday,30
2023-07-26,20230726,2023,7,July,3,26,Wednesday,30
2023-07-27,20230727,2023,7,July,3,27,Thursday,30
2023-07-28,20230728,2023,7,July,3,28,Friday,30
2023-07-29,20230729,2023,7,July,3,29,Saturday,30
2023-07-30,20230730,2023,7,July,3,30,Sunday,30
2023-07-31,20230731,2023,7,July,3,31,Monday,31
2023-08-01,20230801,2023,8,August,3,1,Tuesday,31
2023-08-02,20230802,2023,8,August,3,2,Wednesday,31
2023-08-03,20230803,2023,8,August,3,3,Thursday,31
2023-08-04,20230804,2023,8,August,3,4,Friday,31
2023-08-05,20230805,2023,8,August,3,5,Saturday,31
2023-08-06,20230806,2023,8,August,3,6,Sunday,31
