invoice_id,recency,frequency,monetary,r_score,f_score,m_score,rfm_score,segment
101-17-6199,17,1,336.5565,4,1,3,413,others
101-81-4070,72,1,131.922,1,1,2,112,at_risk
102-06-2002,10,1,132.5625,4,1,2,412,low_value
102-77-2261,25,1,480.0285,3,1,4,314,others
105-10-6182,31,1,45.108,3,1,1,311,low_value
105-31-1824,57,1,510.972,2,1,4,214,at_risk
106-35-6779,3,1,93.114,4,1,1,411,low_value
109-28-2512,82,1,614.943,1,1,4,114,at_risk
109-86-4363,44,1,441.588,3,1,3,313,others
110-05-6330,5,1,248.409,4,1,2,412,low_value
110-48-7033,60,1,137.004,2,1,2,212,at_risk
114-35-5271,51,1,486.444,2,1,4,214,at_risk
115-38-7388,0,1,85.512,4,1,1,411,low_value
115-99-4379,16,1,402.2655,4,1,3,413,others
118-62-1812,6,1,329.196,4,1,3,413,others
120-06-4233,18,1,192.843,4,1,2,412,low_value
120-54-2248,67,1,151.515,1,1,2,112,at_risk
122-61-9553,16,1,484.974,4,1,4,414,others
123-19-1176,62,1,489.048,2,1,4,214,at_risk
123-35-4896,41,1,440.937,3,1,3,313,others
124-31-1458,81,1,250.7085,1,1,2,112,at_risk
125-45-2293,70,1,624.33,1,1,4,114,at_risk
126-54-1082,82,1,203.553,1,1,2,112,at_risk
127-47-6963,21,1,217.182,4,1,2,412,low_value
129-29-8530,20,1,328.755,4,1,3,413,others
130-67-4723,78,1,305.55,1,1,3,113,at_risk
130-98-8941,49,1,472.311,2,1,4,214,at_risk
131-15-8856,0,1,609.168,4,1,4,414,others
131-70-8179,41,1,290.0835,3,1,3,313,others
132-23-6451,85,1,110.0925,1,1,1,111,at_risk
132-32-9879,21,1,394.632,4,1,3,413,others
133-14-7229,88,1,132.027,1,1,2,112,at_risk
133-77-3154,42,1,252.756,3,1,2,312,low_value
134-54-4720,59,1,356.328,2,1,3,213,at_risk
134-75-2619,5,1,142.002,4,1,2,412,low_value
135-13-8269,63,1,165.648,2,1,2,212,at_risk
135-84-8019,31,1,736.4385,3,1,4,314,others
136-08-6195,43,1,587.664,3,1,4,314,others
137-63-5492,60,1,616.98,2,1,4,214,at_risk
137-74-8729,17,1,102.396,4,1,1,411,low_value
138-17-5109,74,1,843.0345,1,1,4,114,at_risk
139-20-0155,65,1,423.15,2,1,3,213,at_risk
139-32-4183,16,1,921.186,4,1,4,414,others
139-52-2867,45,1,165.4485,3,1,2,312,low_value
142-63-6033,10,1,484.89,4,1,4,414,others
142-72-4741,30,1,195.72,3,1,2,312,low_value
144-51-6085,84,1,297.108,1,1,3,113,at_risk
145-94-9061,64,1,463.89,2,1,3,213,at_risk
146-09-5432,49,1,331.128,2,1,3,213,at_risk
148-41-7930,66,1,734.706,1,1,4,114,at_risk
148-82-2527,25,1,127.26,3,1,2,312,low_value
149-14-0304,52,1,239.4,2,1,2,212,at_risk
149-15-7606,24,1,352.674,3,1,3,313,others
149-61-1929,70,1,673.995,1,1,4,114,at_risk
149-71-6266,61,1,737.7615,2,1,4,214,at_risk
150-89-8043,44,1,140.6475,3,1,2,312,low_value
151-16-1484,45,1,135.45,3,1,2,312,low_value
151-27-8496,70,1,235.746,1,1,2,112,at_risk
151-33-7434,54,1,71.1585,2,1,1,211,at_risk
152-03-4217,13,1,106.596,4,1,1,411,low_value
152-08-9985,18,1,608.202,4,1,4,414,others
152-68-2907,43,1,164.43,3,1,2,312,low_value
153-58-4872,29,1,314.538,3,1,3,313,others
154-74-7179,32,1,57.1725,3,1,1,311,low_value
154-87-7367,15,1,548.184,4,1,4,414,others
155-45-3814,11,1,743.82,4,1,4,414,others
156-20-0370,20,1,26.7225,4,1,1,411,low_value
156-95-3964,5,1,232.638,4,1,2,412,low_value
157-13-5295,21,1,545.37,4,1,4,414,others
160-22-2687,66,1,503.7375,1,1,4,114,at_risk
162-48-8011,48,1,234.0975,2,1,2,212,at_risk
162-65-8559,68,1,72.429,1,1,1,111,at_risk
163-56-7055,4,1,51.1455,4,1,1,411,low_value
166-19-2553,71,1,561.078,1,1,4,114,at_risk
169-52-4504,16,1,49.4235,4,1,1,411,low_value
172-42-8274,28,1,80.367,3,1,1,311,low_value
173-50-1108,45,1,84.756,3,1,1,311,low_value
173-57-2300,17,1,153.048,4,1,2,412,low_value
173-82-9529,63,1,398.475,2,1,3,213,at_risk
174-36-3675,44,1,208.677,3,1,2,312,low_value
174-64-0215,25,1,732.27,3,1,4,314,others
174-75-0888,16,1,203.931,4,1,2,412,low_value
175-54-2529,27,1,186.228,3,1,2,312,low_value
176-64-7711,3,1,101.808,4,1,1,411,low_value
176-78-1170,63,1,106.5015,2,1,1,211,at_risk
181-82-6255,50,1,103.131,2,1,1,211,at_risk
181-94-6432,53,1,145.593,2,1,2,212,at_risk
182-52-7000,88,1,113.568,1,1,1,111,at_risk
182-69-8360,59,1,99.33,2,1,1,211,at_risk
182-88-2763,10,1,251.7165,4,1,2,412,low_value
183-21-3799,39,1,733.6035,3,1,4,314,others
183-56-6882,52,1,417.564,2,1,3,213,at_risk
186-09-3669,67,1,85.5855,1,1,1,111,at_risk
186-43-8965,34,1,100.128,3,1,1,311,low_value
186-71-5196,3,1,167.034,4,1,2,412,low_value
186-79-9562,1,1,527.5095,4,1,4,414,others
187-83-5490,58,1,87.234,2,1,1,211,at_risk
188-55-0967,74,1,697.935,1,1,4,114,at_risk
189-08-9157,81,1,299.8485,1,1,3,113,at_risk
189-17-4241,20,1,184.107,4,1,2,412,low_value
189-40-5216,80,1,708.3195,1,1,4,114,at_risk
189-52-0236,16,1,731.6925,4,1,4,414,others
189-55-2313,58,1,652.89,2,1,4,214,at_risk
189-98-2939,29,1,742.2975,3,1,4,314,others
190-14-3147,35,1,75.474,3,1,1,311,low_value
190-59-3964,55,1,247.59,2,1,2,212,at_risk
191-10-6171,64,1,291.207,2,1,3,213,at_risk
191-29-0321,31,1,207.585,3,1,2,312,low_value
192-98-7397,81,1,13.419,1,1,1,111,at_risk
195-06-0432,76,1,255.1815,1,1,3,113,at_risk
196-01-2849,48,1,539.343,2,1,4,214,at_risk
197-77-7132,77,1,769.104,1,1,4,114,at_risk
198-66-9832,54,1,151.284,2,1,2,212,at_risk
198-84-7132,87,1,383.7645,1,1,3,113,at_risk
199-75-8169,24,1,166.005,3,1,2,312,low_value
200-16-5952,72,1,137.865,1,1,2,112,at_risk
200-40-6154,49,1,415.233,2,1,3,213,at_risk
201-63-8275,41,1,499.7265,3,1,4,314,others
201-86-2184,56,1,193.011,2,1,2,212,at_risk
207-73-1363,29,1,145.971,3,1,2,312,low_value
209-61-0206,84,1,225.2775,1,1,2,112,at_risk
210-30-7976,16,1,93.744,4,1,1,411,low_value
210-57-1719,53,1,550.368,2,1,4,214,at_risk
210-67-5886,53,1,309.3615,2,1,3,213,at_risk
210-74-9613,14,1,408.492,4,1,3,413,others
211-05-0490,27,1,272.58,3,1,3,313,others
211-30-9270,61,1,91.4025,2,1,1,211,at_risk
212-62-1842,2,1,367.038,4,1,3,413,others
213-32-1216,66,1,416.178,1,1,3,113,at_risk
213-72-6612,10,1,90.825,4,1,1,411,low_value
214-17-6927,51,1,103.824,2,1,1,211,at_risk
214-30-2776,19,1,181.0725,4,1,2,412,low_value
217-58-1179,84,1,263.13,1,1,3,113,at_risk
218-59-9410,1,1,228.123,4,1,2,412,low_value
219-22-9386,21,1,944.622,4,1,4,414,others
219-61-4139,66,1,87.234,1,1,1,111,at_risk
220-28-1851,29,1,72.933,3,1,1,311,low_value
220-68-6701,13,1,325.374,4,1,3,413,others
221-25-5073,26,1,313.572,3,1,3,313,others
222-42-0244,61,1,681.4395,2,1,4,214,at_risk
225-32-0908,63,1,471.03,2,1,3,213,at_risk
225-98-1496,28,1,85.113,3,1,1,311,low_value
226-31-3081,22,1,80.22,4,1,1,411,low_value
226-34-0034,79,1,57.876,1,1,1,111,at_risk
226-71-3580,58,1,224.4375,2,1,2,212,at_risk
227-03-5010,8,1,441.756,4,1,3,413,others
227-07-4446,48,1,820.365,2,1,4,214,at_risk
227-50-3718,26,1,76.755,3,1,1,311,low_value
227-78-1148,43,1,535.374,3,1,4,314,others
228-96-1411,26,1,829.08,3,1,4,314,others
232-11-3025,65,1,827.085,2,1,4,214,at_risk
232-16-2483,82,1,71.526,1,1,1,111,at_risk
233-34-0817,43,1,103.782,3,1,1,311,low_value
233-67-5758,60,1,42.3675,2,1,1,211,at_risk
234-03-4040,27,1,767.025,3,1,4,314,others
234-36-2483,43,1,362.817,3,1,3,313,others
234-65-2137,73,1,1003.59,1,1,4,114,at_risk
235-06-8510,65,1,270.018,2,1,3,213,at_risk
235-46-8343,44,1,290.43,3,1,3,313,others
236-27-1144,4,1,154.1295,4,1,2,412,low_value
236-86-3015,54,1,14.679,2,1,1,211,at_risk
237-01-6122,57,1,763.4655,2,1,4,214,at_risk
237-44-6163,65,1,88.704,2,1,1,211,at_risk
238-45-6950,29,1,56.406,3,1,1,311,low_value
238-49-0436,3,1,272.664,4,1,3,413,others
239-10-7476,68,1,491.085,1,1,4,114,at_risk
239-36-3640,58,1,285.705,2,1,3,213,at_risk
239-48-4278,20,1,74.4555,4,1,1,411,low_value
241-11-2261,79,1,586.971,1,1,4,114,at_risk
241-72-9525,42,1,545.055,3,1,4,314,others
241-96-5076,81,1,103.11,1,1,1,111,at_risk
242-11-3142,34,1,175.917,3,1,2,312,low_value
242-55-6721,23,1,33.936,3,1,1,311,low_value
243-47-2663,61,1,118.251,2,1,1,211,at_risk
243-55-8457,31,1,781.62,3,1,4,314,others
244-08-0162,87,1,359.205,1,1,3,113,at_risk
246-11-3901,43,1,344.4,3,1,3,313,others
246-55-6923,20,1,338.2155,4,1,3,413,others
247-11-2470,29,1,93.744,3,1,1,311,low_value
249-42-3782,86,1,367.5525,1,1,3,113,at_risk
250-17-5703,31,1,197.925,3,1,2,312,low_value
250-81-7186,31,1,104.6745,3,1,1,311,low_value
252-56-2699,51,1,453.495,2,1,3,213,at_risk
253-12-6086,18,1,723.24,4,1,4,414,others
254-31-0042,24,1,203.175,3,1,2,312,low_value
256-08-8343,26,1,237.426,3,1,2,312,low_value
256-58-3609,12,1,96.579,4,1,1,411,low_value
257-60-7754,81,1,210.966,1,1,2,112,at_risk
257-73-1380,69,1,348.306,1,1,3,113,at_risk
258-69-7810,63,1,193.4625,2,1,2,212,at_risk
258-92-7466,52,1,187.32,2,1,2,212,at_risk
261-12-8671,64,1,128.016,2,1,2,212,at_risk
262-47-2794,24,1,603.624,3,1,4,314,others
263-10-3913,80,1,463.428,1,1,3,113,at_risk
263-12-5321,31,1,680.61,3,1,4,314,others
263-87-5680,12,1,299.565,4,1,3,413,others
266-20-6657,18,1,404.544,4,1,3,413,others
266-76-6436,2,1,121.59,4,1,1,411,low_value
267-62-7380,1,1,864.57,4,1,4,414,others
268-03-6164,64,1,100.9155,2,1,1,211,at_risk
268-20-3585,54,1,130.8825,2,1,2,212,at_risk
268-27-6179,21,1,474.348,4,1,4,414,others
269-04-5750,37,1,310.044,3,1,3,313,others
269-10-8440,68,1,390.7995,1,1,3,113,at_risk
271-77-8740,88,1,184.086,1,1,2,112,at_risk
271-88-8734,50,1,1020.705,2,1,4,214,at_risk
272-27-9238,39,1,173.208,3,1,2,312,low_value
272-65-1806,74,1,575.316,1,1,4,114,at_risk
273-16-6619,15,1,69.72,4,1,1,411,low_value
273-84-2164,42,1,63.2625,3,1,1,311,low_value
274-05-5470,35,1,308.574,3,1,3,313,others
275-28-0149,33,1,66.8745,3,1,1,311,low_value
276-54-0879,18,1,410.508,4,1,3,413,others
276-75-6884,26,1,216.4365,3,1,2,312,low_value
277-35-5865,21,1,935.2665,4,1,4,414,others
277-63-2961,55,1,77.6685,2,1,1,211,at_risk
278-86-2735,3,1,164.871,4,1,2,412,low_value
278-97-7759,40,1,65.604,3,1,1,311,low_value
279-62-1445,37,1,13.167,3,1,1,311,low_value
279-74-2924,85,1,75.7785,1,1,1,111,at_risk
280-17-4359,64,1,950.25,2,1,4,214,at_risk
280-35-5823,72,1,91.056,1,1,1,111,at_risk
282-35-2475,5,1,195.951,4,1,2,412,low_value
283-26-5248,59,1,1034.46,2,1,4,214,at_risk
283-79-9594,64,1,356.5485,2,1,3,213,at_risk
284-34-9626,47,1,242.676,2,1,2,212,at_risk
284-54-4231,70,1,84.9765,1,1,1,111,at_risk
285-68-5083,43,1,77.931,3,1,1,311,low_value
286-01-5402,0,1,295.6905,4,1,3,413,others
286-43-6208,14,1,829.71,4,1,4,414,others
286-62-6248,73,1,164.682,1,1,2,112,at_risk
286-75-7818,58,1,145.068,2,1,2,212,at_risk
287-21-9091,67,1,705.6315,1,1,4,114,at_risk
287-83-1405,46,1,160.209,2,1,2,212,at_risk
288-38-3758,64,1,267.3405,2,1,3,213,at_risk
288-62-1085,80,1,202.335,1,1,2,112,at_risk
289-15-7034,78,1,345.786,1,1,3,113,at_risk
289-65-5721,63,1,170.877,2,1,2,212,at_risk
290-68-2984,14,1,99.75,4,1,1,411,low_value
291-21-5991,1,1,321.7725,4,1,3,413,others
291-32-1427,25,1,115.185,3,1,1,311,low_value
291-55-6563,0,1,216.846,4,1,2,412,low_value
291-59-1384,30,1,63.315,3,1,1,311,low_value
296-11-7041,77,1,28.4235,1,1,1,111,at_risk
299-29-0180,21,1,383.523,4,1,3,413,others
299-46-1805,74,1,590.436,1,1,4,114,at_risk
300-71-4605,33,1,451.71,3,1,3,313,others
301-11-9629,74,1,140.385,1,1,2,112,at_risk
301-81-8610,11,1,213.528,4,1,2,412,low_value
302-15-2162,27,1,293.139,3,1,3,313,others
303-96-2227,28,1,1022.49,3,2,4,324,others
305-03-2383,43,1,211.365,3,2,2,322,low_value
305-14-0245,27,1,793.716,3,2,4,324,others
305-18-3552,46,1,633.99,2,2,4,224,at_risk
305-89-2768,80,1,68.985,1,2,1,121,at_risk
307-04-2070,53,1,32.151,2,2,1,221,at_risk
307-83-9164,64,1,252.042,2,2,2,222,at_risk
307-85-2293,23,1,263.97,3,2,3,323,others
308-39-1707,63,1,12.6945,2,2,1,221,at_risk
308-47-4913,21,1,548.73,4,2,4,424,others
308-81-0538,33,1,306.81,3,2,3,323,others
311-13-6971,38,1,335.895,3,2,3,323,others
313-66-9943,3,1,91.8225,4,2,1,421,low_value
314-23-4520,74,1,597.0405,1,2,4,124,at_risk
315-22-5665,34,1,772.38,3,2,4,324,others
316-01-3952,17,1,284.9175,4,2,3,423,others
316-55-4634,63,1,420.2625,2,2,3,223,at_risk
316-66-3011,66,1,450.1035,1,2,3,123,at_risk
316-68-6352,68,1,76.356,1,2,1,121,at_risk
318-12-0304,66,1,32.1405,1,2,1,121,at_risk
318-68-5053,31,1,485.037,3,2,4,324,others
318-81-2368,11,1,48.51,4,2,1,421,low_value
319-50-3348,19,1,84.63,4,2,1,421,low_value
319-74-2561,37,1,298.116,3,2,3,323,others
320-32-8842,13,1,23.751,4,2,1,421,low_value
320-49-6392,26,1,31.752,3,2,1,321,low_value
320-85-2052,75,1,36.5505,1,2,1,121,at_risk
321-49-7382,43,1,92.7255,3,2,1,321,low_value
322-02-2271,55,1,135.3555,2,2,2,222,at_risk
324-41-6833,27,1,253.68,3,2,2,322,low_value
324-92-3863,53,1,43.869,2,2,1,221,at_risk
325-77-6186,22,1,951.825,4,2,4,424,others
325-89-4209,53,1,92.295,2,2,1,221,at_risk
325-90-8763,62,1,488.985,2,2,4,224,at_risk
326-71-2155,55,1,310.59,2,2,3,223,at_risk
326-78-5178,55,1,671.79,2,2,4,224,at_risk
327-40-9673,76,1,457.38,1,2,3,123,at_risk
329-62-1586,68,1,172.2105,1,2,2,122,at_risk
333-23-2632,2,1,74.088,4,2,1,421,low_value
333-73-7901,7,1,461.328,4,2,3,423,others
334-64-2006,6,1,147.672,4,2,2,422,low_value
336-78-2147,17,1,536.844,4,2,4,424,others
338-65-2210,53,1,720.3,2,2,4,224,at_risk
339-12-4827,84,1,77.658,1,2,1,121,at_risk
339-18-7061,45,1,195.258,3,2,2,322,low_value
339-38-9982,76,1,125.706,1,2,2,122,at_risk
339-96-8318,29,1,597.6285,3,2,4,324,others
340-21-9136,64,1,168.21,2,2,2,222,at_risk
340-66-0321,5,1,152.712,4,2,2,422,low_value
342-65-4817,61,1,273.42,2,2,3,223,at_risk
343-61-3544,60,1,280.035,2,2,3,223,at_risk
343-75-9322,80,1,99.54,1,2,1,121,at_risk
343-87-0864,86,1,79.674,1,2,1,121,at_risk
345-08-4992,22,1,214.137,4,2,2,422,low_value
345-68-9016,87,1,266.028,1,2,3,123,at_risk
346-12-3257,26,1,181.818,3,2,2,322,low_value
346-84-3103,28,1,69.405,3,2,1,321,low_value
347-34-2234,55,1,520.4115,2,2,4,224,at_risk
347-56-2442,36,1,69.111,3,2,1,321,low_value
347-72-6115,73,1,666.939,1,2,4,124,at_risk
349-97-8902,72,1,121.569,1,2,1,121,at_risk
351-62-0822,52,1,60.816,2,2,1,221,at_risk
354-25-5821,50,1,435.456,2,2,3,223,at_risk
354-39-5160,40,1,216.846,3,2,2,322,low_value
355-34-6244,76,1,152.019,1,2,2,122,at_risk
355-53-5943,33,1,433.692,3,2,3,323,others
356-44-8813,69,1,118.062,1,2,1,121,at_risk
358-88-9262,57,1,551.124,2,2,4,224,at_risk
359-90-3665,75,1,75.936,1,2,1,121,at_risk
359-94-5395,15,1,97.419,4,2,1,421,low_value
360-39-5055,21,1,256.7775,4,2,3,423,others
361-59-0574,15,1,760.452,4,2,4,424,others
361-85-2571,0,1,469.77,4,2,3,423,others
362-58-8315,5,1,401.73,4,2,3,423,others
364-33-8584,22,1,92.5575,4,2,1,421,low_value
364-34-2972,0,1,304.983,4,2,3,423,others
365-16-4334,34,1,222.012,3,2,2,322,low_value
365-64-0515,46,1,246.4875,2,2,2,222,at_risk
366-43-6862,5,1,222.138,4,2,2,422,low_value
366-93-0948,58,1,69.6675,2,2,1,221,at_risk
369-82-2676,74,1,397.215,1,2,3,123,at_risk
370-41-7321,31,1,535.7205,3,2,4,324,others
370-96-0655,80,1,310.716,1,2,3,123,at_risk
371-85-5789,25,1,277.137,3,2,3,323,others
372-26-1506,61,1,125.055,2,2,2,222,at_risk
372-62-5264,73,1,497.07,1,2,4,124,at_risk
372-94-8041,43,1,96.138,3,2,1,321,low_value
373-09-4567,16,1,814.38,4,2,4,424,others
373-14-0504,46,1,150.423,2,2,2,222,at_risk
373-73-7910,50,1,634.3785,2,2,4,224,at_risk
373-88-1424,52,1,188.0025,2,2,2,222,at_risk
374-17-3652,53,1,404.649,2,2,3,223,at_risk
374-38-5555,51,1,334.4775,2,2,3,223,at_risk
375-72-3056,70,1,198.639,1,2,2,122,at_risk
376-02-8238,56,1,788.508,2,2,4,224,at_risk
376-56-3573,56,1,400.764,2,2,3,223,at_risk
377-79-7592,75,1,423.738,1,2,3,123,at_risk
378-07-7001,48,1,151.4835,2,2,2,222,at_risk
378-24-2715,69,1,112.224,1,2,1,121,at_risk
379-17-6588,16,1,625.905,4,2,4,424,others
380-60-5336,34,1,422.73,3,2,3,323,others
380-94-4661,51,1,276.948,2,2,3,223,at_risk
381-20-0914,77,1,189.0945,1,2,2,122,at_risk
382-03-4532,56,1,19.2465,2,2,1,221,at_risk
382-25-8917,60,1,265.104,2,2,3,223,at_risk
384-59-6655,39,1,932.337,3,2,4,324,others
386-27-7606,7,1,596.82,4,2,4,424,others
387-49-4215,81,1,152.775,1,2,2,122,at_risk
388-76-2555,45,1,86.247,3,2,1,321,low_value
389-25-3394,41,1,62.0025,3,2,1,321,low_value
389-70-2397,37,1,439.215,3,2,3,323,others
390-17-5806,56,1,40.341,2,2,1,221,at_risk
390-31-6381,82,1,85.743,1,2,1,121,at_risk
390-80-5128,61,1,20.1075,2,2,1,221,at_risk
393-65-2792,83,1,939.54,1,2,4,124,at_risk
394-30-3170,8,1,742.812,4,2,4,424,others
394-41-0748,62,1,510.9615,2,2,4,224,at_risk
394-43-4238,43,1,93.2925,3,2,1,321,low_value
394-55-6384,64,1,663.2955,2,2,4,224,at_risk
396-90-2219,35,1,125.664,3,2,2,322,low_value
397-25-8725,76,1,374.409,1,2,3,123,at_risk
399-46-5918,30,1,722.232,3,2,4,324,others
399-69-4630,23,1,139.923,3,2,2,322,low_value
400-45-1220,31,1,141.75,3,2,2,322,low_value
400-60-7251,48,1,77.7735,2,2,1,221,at_risk
400-80-4065,43,1,287.91,3,2,3,323,others
400-89-4171,61,1,680.148,2,2,4,224,at_risk
401-09-4232,47,1,455.1225,2,2,3,223,at_risk
401-18-8016,68,1,103.0365,1,2,1,121,at_risk
404-91-5964,54,1,548.163,2,2,4,224,at_risk
405-31-3305,56,1,452.865,2,2,3,223,at_risk
406-46-7107,78,1,608.076,1,2,4,124,at_risk
407-63-8975,7,1,465.444,4,2,3,423,others
408-26-9866,28,1,543.753,3,2,4,324,others
408-66-6712,42,1,300.573,3,2,3,323,others
409-33-9708,39,1,206.808,3,2,2,322,low_value
409-49-6995,53,1,297.801,2,2,3,223,at_risk
410-67-1709,69,1,536.592,1,2,4,124,at_risk
411-77-0180,4,1,530.67,4,2,4,424,others
413-20-6708,12,1,54.0435,4,2,1,421,low_value
414-12-7047,71,1,166.236,1,2,2,122,at_risk
416-13-5917,59,1,509.4075,2,2,4,224,at_risk
416-17-9926,88,1,779.31,1,2,4,124,at_risk
418-02-5978,47,1,794.6505,2,2,4,224,at_risk
418-05-0656,56,1,187.866,2,2,2,222,at_risk
420-04-7590,12,1,314.055,4,2,3,423,others
420-11-4919,41,1,374.7975,3,2,3,323,others
420-18-8989,56,1,432.768,2,2,3,223,at_risk
420-97-3340,2,1,225.792,4,2,2,422,low_value
421-95-9805,51,1,30.408,2,2,1,221,at_risk
422-29-8786,86,1,352.2225,1,2,3,123,at_risk
423-57-2993,3,1,588.357,4,2,4,424,others
423-64-4619,23,1,146.9475,3,2,2,322,low_value
423-80-0988,59,1,160.44,2,2,2,222,at_risk
425-85-2085,1,1,288.015,4,2,3,423,others
426-39-2418,75,1,451.3635,1,2,3,123,at_risk
427-45-9297,18,1,299.3655,4,2,3,423,others
428-83-5800,49,1,66.402,2,2,1,221,at_risk
430-02-3888,51,1,289.926,2,2,3,223,at_risk
430-53-4718,61,1,633.108,2,2,4,224,at_risk
430-60-3493,55,1,697.368,2,2,4,224,at_risk
431-66-2305,43,1,833.9625,3,2,4,324,others
433-08-7822,84,1,579.8415,1,2,4,124,at_risk
433-75-6987,25,1,411.3795,3,2,3,323,others
434-35-9162,54,1,98.028,2,2,1,221,at_risk
434-83-9547,66,1,323.148,1,2,3,123,at_risk
435-13-4908,65,1,728.112,2,2,4,224,at_risk
436-54-4512,10,1,96.1905,4,2,1,421,low_value
437-53-3084,32,1,209.769,3,2,2,322,low_value
437-58-8131,74,1,154.392,1,2,2,122,at_risk
438-01-4015,9,1,207.858,4,2,2,422,low_value
438-23-1242,65,1,557.718,2,2,4,224,at_risk
439-54-7422,12,1,214.998,4,2,2,422,low_value
440-59-5691,50,1,273.0525,2,2,3,223,at_risk
441-94-7118,54,1,75.5475,2,2,1,221,at_risk
442-44-6497,81,1,175.0455,1,2,2,122,at_risk
442-48-3607,16,1,49.308,4,2,1,421,low_value
443-59-0061,55,1,708.225,2,2,4,224,at_risk
443-60-9639,65,1,63.9135,2,2,1,221,at_risk
443-82-0585,57,1,326.256,2,2,3,223,at_risk
445-30-9252,72,1,80.955,1,2,1,121,at_risk
446-47-6729,87,1,209.622,1,2,2,122,at_risk
447-15-7839,49,1,233.52,2,2,2,222,at_risk
448-34-8700,48,1,271.2885,2,2,3,223,at_risk
448-61-3783,9,1,756.168,4,2,4,424,others
448-81-5016,19,1,125.517,4,2,2,422,low_value
449-16-6770,39,1,266.6475,3,2,3,323,others
449-27-2918,4,1,41.076,4,2,1,421,low_value
450-28-2866,74,1,91.56,1,2,1,121,at_risk
450-42-3339,49,1,888.405,2,2,4,224,at_risk
451-28-5717,10,1,523.971,4,2,4,424,others
451-73-2711,75,1,89.0715,1,2,1,121,at_risk
452-04-8808,63,1,640.038,2,2,4,224,at_risk
453-12-7053,20,1,144.081,4,2,2,422,low_value
453-33-6436,51,1,782.208,2,2,4,224,at_risk
453-63-6187,29,1,86.625,3,2,1,321,low_value
457-12-0244,16,1,221.886,4,2,2,422,low_value
457-13-1708,81,1,684.915,1,2,4,124,at_risk
457-94-0464,58,1,830.3715,2,2,4,224,at_risk
458-10-8612,69,1,470.988,1,2,3,123,at_risk
458-41-1477,22,1,291.438,4,2,3,423,others
458-61-0011,38,1,253.26,3,2,2,322,low_value
459-45-2396,33,1,313.74,3,2,3,323,others
459-50-7686,76,1,147.798,1,2,2,122,at_risk
460-35-4390,67,1,96.642,1,2,1,121,at_risk
460-93-5834,76,1,335.013,1,2,3,123,at_risk
462-67-9126,68,1,461.286,1,2,3,123,at_risk
462-78-5240,11,1,55.881,4,2,1,421,low_value
466-61-5506,32,1,571.41,3,2,4,324,others
468-01-2051,24,1,456.288,3,2,3,323,others
468-88-0009,6,1,276.948,4,2,3,423,others
468-99-7231,27,1,369.684,3,2,3,323,others
470-31-3286,29,1,46.683,3,2,1,321,low_value
470-32-9057,2,1,269.535,4,2,3,423,others
471-06-8611,52,1,55.041,2,2,1,221,at_risk
471-41-2823,23,1,209.559,3,2,2,322,low_value
472-15-9636,8,1,427.812,4,2,3,423,others
474-33-8305,7,1,495.3165,4,2,4,424,others
477-24-6490,32,1,628.173,3,2,4,324,others
477-59-2456,66,1,333.984,1,2,3,123,at_risk
478-06-7835,78,1,94.1745,1,2,1,121,at_risk
479-26-8945,53,1,34.629,2,2,1,221,at_risk
480-63-2856,66,1,161.7,1,2,2,122,at_risk
482-17-1179,70,1,37.611,1,2,1,121,at_risk
483-71-1164,22,1,512.19,4,2,4,424,others
484-22-8230,81,1,381.3915,1,2,3,123,at_risk
485-30-8700,12,1,174.615,4,2,2,422,low_value
487-79-6868,4,1,116.1405,4,2,1,421,low_value
488-25-4221,36,1,31.9305,3,2,1,321,low_value
489-64-4354,21,1,17.094,4,2,1,421,low_value
489-82-1237,84,1,690.018,1,2,4,124,at_risk
490-29-1201,83,1,16.107,1,2,1,121,at_risk
490-95-0021,81,1,348.705,1,2,3,123,at_risk
491-38-3499,32,1,58.2225,3,2,1,321,low_value
493-65-6248,88,1,388.29,1,2,3,123,at_risk
497-36-0989,43,1,163.611,3,2,2,322,low_value
497-37-6538,72,1,432.9885,1,2,3,123,at_risk
498-41-1961,38,1,350.07,3,2,3,323,others
499-27-7781,16,1,446.964,4,2,3,423,others
500-02-2261,9,1,360.927,4,2,3,423,others
501-61-1753,86,1,397.845,1,2,3,123,at_risk
502-05-1910,33,1,205.317,3,2,2,322,low_value
503-07-0930,35,1,429.1665,3,2,3,323,others
503-21-4385,37,1,125.7165,3,2,2,322,low_value
504-35-8843,87,1,44.5935,1,2,1,121,at_risk
505-02-0892,33,1,357.588,3,2,3,323,others
509-10-0516,49,1,193.074,2,2,2,222,at_risk
509-29-3912,10,1,365.904,4,2,3,423,others
510-09-5628,15,1,206.43,4,2,2,422,low_value
510-79-0415,65,1,145.404,2,2,2,222,at_risk
510-95-6347,25,1,152.838,3,3,2,332,loyal
511-54-3087,33,1,92.8725,3,3,1,331,loyal
512-91-0811,52,1,94.2375,2,3,1,231,low_value
512-98-1403,9,1,83.412,4,3,1,431,loyal
514-37-2845,10,1,208.425,4,3,2,432,loyal
516-77-6464,34,1,53.34,3,3,1,331,loyal
518-17-2983,54,1,204.246,2,3,2,232,low_value
518-71-6847,32,1,167.58,3,3,2,332,loyal
521-18-7827,67,1,206.7975,1,3,2,132,low_value
522-57-8364,58,1,431.256,2,3,3,233,others
523-38-0215,24,1,38.85,3,3,1,331,loyal
525-09-8450,58,1,757.365,2,3,4,234,others
525-88-7307,58,1,79.611,2,3,1,231,low_value
526-86-8552,82,1,229.11,1,3,2,132,low_value
527-09-6272,9,1,149.3625,4,3,2,432,loyal
528-14-9470,44,1,95.865,3,3,1,331,loyal
528-87-5606,46,1,41.454,2,3,1,231,low_value
529-56-3974,21,1,107.142,4,3,1,431,loyal
530-90-9855,88,1,399.756,1,3,3,133,others
531-56-4728,47,1,252.252,2,3,2,232,low_value
531-80-1784,2,1,191.247,4,3,2,432,loyal
532-59-7201,58,1,503.559,2,3,4,234,others
533-33-5337,51,1,833.595,2,3,4,234,others
533-66-5566,77,1,375.3645,1,3,3,133,others
534-01-4457,62,1,514.773,2,3,4,234,others
534-53-3526,47,1,397.992,2,3,3,233,others
537-72-0426,10,1,745.395,4,3,4,434,loyal
538-22-0304,6,1,681.975,4,3,4,434,loyal
539-21-7227,63,1,270.585,2,3,3,233,others
540-11-4336,78,1,235.683,1,3,2,132,low_value
541-08-3113,56,1,554.148,2,3,4,234,others
541-48-8554,82,1,575.9775,1,3,4,134,others
541-89-9860,43,1,253.512,3,3,2,332,loyal
542-41-0513,15,1,241.458,4,3,2,432,loyal
544-32-5024,2,1,209.118,4,3,2,432,loyal
544-55-9589,61,1,225.015,2,3,2,232,low_value
545-07-8534,44,1,122.472,3,3,1,331,loyal
545-46-3100,18,1,33.3585,4,3,1,431,loyal
546-80-2899,38,1,79.149,3,3,1,331,loyal
548-46-9322,38,1,418.95,3,3,3,333,loyal
548-48-3156,11,1,175.014,4,3,2,432,loyal
549-03-9315,46,1,796.908,2,3,4,234,others
549-23-9016,45,1,31.227,3,3,1,331,loyal
549-59-1358,28,1,279.1845,3,3,3,333,loyal
549-84-7482,50,1,853.146,2,3,4,234,others
549-96-4200,22,1,71.568,4,3,1,431,loyal
550-84-8664,8,1,451.0275,4,3,3,433,loyal
551-21-3069,57,1,218.0115,2,3,2,232,low_value
552-44-5977,86,1,520.8,1,3,4,134,others
554-42-2417,80,1,1002.12,1,3,4,134,others
554-53-3790,8,1,233.226,4,3,2,432,loyal
554-53-8700,56,1,117.831,2,3,1,231,low_value
556-41-6224,43,1,282.576,3,3,3,333,loyal
556-72-8512,59,1,24.108,2,3,1,231,low_value
556-86-3144,76,1,78.0045,1,3,1,131,low_value
556-97-7101,88,1,132.762,1,3,2,132,low_value
558-60-5016,26,1,314.685,3,3,3,333,loyal
558-80-4082,16,1,204.6975,4,3,2,432,loyal
559-61-5987,75,1,18.6375,1,3,1,131,low_value
559-98-9873,48,1,394.3275,2,3,3,233,others
560-30-5617,6,1,130.0425,4,3,2,432,loyal
560-49-6611,51,1,47.859,2,3,1,231,low_value
562-12-5430,71,1,277.6725,1,3,3,133,others
563-36-9814,45,1,80.661,3,3,1,331,loyal
563-47-4072,67,1,351.603,1,3,3,133,others
563-91-7120,22,1,324.2925,4,3,3,433,loyal
565-17-3836,18,1,200.214,4,3,2,432,loyal
565-67-6697,28,1,255.15,3,3,3,333,loyal
565-80-5980,66,1,198.996,1,3,2,132,low_value
565-91-4567,15,1,90.3,4,3,1,431,loyal
566-19-5475,82,1,352.5795,1,3,3,133,others
566-71-1091,55,1,404.355,2,3,3,233,others
568-88-3448,27,1,26.25,3,3,1,331,loyal
568-90-5112,11,1,277.788,4,3,3,433,loyal
569-71-4390,64,1,45.927,2,3,1,231,low_value
569-76-2760,60,1,92.442,2,3,1,231,low_value
571-94-0759,81,1,783.3,1,3,4,134,others
573-10-3877,18,1,40.9605,4,3,1,431,loyal
573-58-9734,2,1,95.6655,4,3,1,431,loyal
573-98-8548,84,1,33.495,1,3,1,131,low_value
574-22-5561,11,1,867.615,4,3,4,434,loyal
574-31-8277,10,1,35.3115,4,3,1,431,loyal
574-57-9721,22,1,90.867,4,3,1,431,loyal
574-80-1489,33,1,263.97,3,3,3,333,loyal
575-30-8091,14,1,609.0,4,3,4,434,loyal
575-67-1508,60,1,40.53,2,3,1,231,low_value
576-31-4774,28,1,231.2415,3,3,2,332,loyal
577-34-7579,79,1,477.1305,1,3,4,134,others
578-80-7669,14,1,78.7185,4,3,1,431,loyal
582-52-8065,36,1,513.2295,3,3,4,334,loyal
583-41-4548,51,1,122.5245,2,3,1,231,low_value
583-72-1480,58,1,155.652,2,3,2,232,low_value
584-66-4073,17,1,59.325,4,3,1,431,loyal
584-86-7256,19,1,254.016,4,3,3,433,loyal
585-03-5943,17,1,190.155,4,3,2,432,loyal
585-11-6748,15,1,304.92,4,3,3,433,loyal
585-86-8361,55,1,143.22,2,3,2,232,low_value
585-90-0249,62,1,76.923,2,3,1,231,low_value
586-25-0848,26,1,90.699,3,3,1,331,loyal
587-03-7455,42,1,718.7565,3,3,4,334,loyal
587-73-4862,4,1,56.1225,4,3,1,431,loyal
588-01-7461,6,1,321.111,4,3,3,433,loyal
588-47-8641,75,1,588.42,1,3,4,134,others
589-02-8023,74,1,175.917,1,3,2,132,low_value
590-83-4591,41,1,550.935,3,3,4,334,loyal
592-34-6155,75,1,133.434,1,3,2,132,low_value
592-46-1692,78,1,270.2595,1,3,3,133,others
593-08-5916,11,1,16.275,4,3,1,431,loyal
593-14-4239,25,1,801.864,3,3,4,334,loyal
593-65-1552,61,1,293.202,2,3,3,233,others
593-95-4461,6,1,78.603,4,3,1,431,loyal
594-34-4444,22,1,102.018,4,3,1,431,loyal
595-11-5460,15,1,202.818,4,3,2,432,loyal
595-27-4851,62,1,398.958,2,3,3,233,others
595-86-2894,52,1,407.316,2,3,3,233,others
595-94-9924,4,1,145.5825,4,3,2,432,loyal
596-42-3999,20,1,133.917,4,3,2,432,loyal
597-78-7908,40,1,284.193,3,3,3,333,loyal
598-06-7312,42,1,95.9175,3,3,1,331,loyal
598-47-9715,23,1,353.094,3,3,3,333,loyal
600-38-9738,72,1,377.58,1,3,3,133,others
602-16-6955,65,1,804.3,2,3,4,234,others
602-80-9671,49,1,100.485,2,3,1,231,low_value
603-07-0961,79,1,392.6475,1,3,3,133,others
604-70-6476,66,1,94.185,1,3,1,131,low_value
605-03-2706,5,1,49.77,4,3,1,431,loyal
605-72-4132,31,1,793.548,3,3,4,334,loyal
605-83-1050,15,1,57.078,4,3,1,431,loyal
606-80-4905,60,1,120.645,2,3,1,231,low_value
607-65-2441,20,1,860.475,4,3,4,434,loyal
607-76-6216,28,1,485.5725,3,3,4,334,loyal
608-04-3797,25,1,212.688,3,3,2,332,loyal
608-05-3804,33,1,41.7375,3,3,1,331,loyal
608-27-6295,70,1,333.207,1,3,3,133,others
608-96-3517,7,1,384.468,4,3,3,433,loyal
609-81-8548,52,1,235.872,2,3,2,232,low_value
610-46-4100,27,1,212.7825,3,3,2,332,loyal
612-36-5536,41,1,680.064,3,3,4,334,loyal
613-59-9758,62,1,150.78,2,3,2,232,low_value
616-24-2851,8,1,75.054,4,3,1,431,loyal
616-87-0016,21,1,702.219,4,3,4,434,loyal
617-15-4209,14,1,32.277,4,3,1,431,loyal
618-34-8551,73,1,195.678,1,3,2,132,low_value
620-02-2046,62,1,145.74,2,3,2,232,low_value
622-20-1945,71,1,41.391,1,3,1,131,low_value
624-01-8356,62,1,514.605,2,3,4,234,others
626-43-7888,51,1,507.444,2,3,4,234,others
627-95-3243,54,1,734.076,2,3,4,234,others
628-34-3388,84,1,172.494,1,3,2,132,low_value
628-90-8624,16,1,867.09,4,3,4,434,loyal
629-42-4133,39,1,183.12,3,3,2,332,loyal
630-74-5166,8,1,391.419,4,3,3,433,loyal
631-34-1880,81,1,76.5765,1,3,1,131,low_value
631-41-3108,27,1,340.5255,3,3,3,333,loyal
632-32-4574,10,1,637.728,4,3,4,434,loyal
632-90-0281,22,1,394.275,4,3,3,433,loyal
633-09-3463,2,1,150.0975,4,3,2,432,loyal
633-44-8566,3,1,362.943,4,3,3,433,loyal
633-91-1052,62,1,25.263,2,3,1,231,low_value
634-97-8956,41,1,103.635,3,3,1,331,loyal
635-28-5728,30,1,176.4,3,3,2,332,loyal
635-40-6220,51,1,752.64,2,3,4,234,others
636-17-0325,33,1,262.794,3,3,3,333,loyal
636-48-8204,41,1,181.44,3,3,2,332,loyal
636-98-3364,28,1,82.719,3,3,1,331,loyal
638-60-7125,44,1,836.304,3,3,4,334,loyal
639-76-1242,55,1,212.73,2,3,2,232,low_value
640-48-5028,28,1,835.2855,3,3,4,334,loyal
640-49-2076,79,1,703.752,1,3,4,134,others
641-43-2399,63,1,107.31,2,3,1,231,low_value
641-51-2661,46,1,914.55,2,3,4,234,others
641-62-7288,6,1,629.496,4,3,4,434,loyal
641-96-3695,51,1,273.798,2,3,3,233,others
642-30-6693,13,1,343.413,4,3,3,433,loyal
642-32-2990,56,1,115.08,2,3,1,231,low_value
642-61-4706,0,1,196.14,4,3,2,432,loyal
643-38-7867,23,1,102.837,3,3,1,331,loyal
645-44-1170,70,1,548.7615,1,3,4,134,others
645-78-8093,69,1,195.594,1,3,2,132,low_value
647-50-1224,77,1,308.91,1,3,3,133,others
648-83-1321,73,1,667.38,1,3,4,134,others
648-94-3045,51,1,618.975,2,3,4,234,others
649-11-3678,32,1,216.6885,3,3,2,332,loyal
649-29-6775,50,1,35.196,2,3,1,231,low_value
650-98-6268,10,1,65.7405,4,3,1,431,loyal
651-61-0874,18,1,194.124,4,3,2,432,loyal
651-88-7328,88,1,621.243,1,3,4,134,others
651-96-5970,27,1,48.7305,3,3,1,331,loyal
652-43-6591,21,1,817.236,4,3,4,434,loyal
652-49-6720,40,1,63.9975,3,3,1,331,loyal
655-07-2265,25,1,246.6765,3,3,2,332,loyal
655-85-5130,17,1,160.86,4,3,2,432,loyal
656-16-1063,85,1,146.223,1,3,2,132,low_value
656-95-9349,19,1,506.6355,4,3,4,434,loyal
658-66-3967,75,1,390.9465,1,3,3,133,others
659-36-1684,77,1,419.832,1,3,3,133,others
659-65-8956,73,1,53.928,1,3,1,131,low_value
660-29-7083,74,1,586.635,1,3,4,134,others
662-47-5456,13,1,369.495,4,3,3,433,loyal
662-72-2873,83,1,214.935,1,3,2,132,low_value
663-86-9076,81,1,575.736,1,3,4,134,others
664-14-2882,59,1,55.2825,2,3,1,231,low_value
665-32-9167,79,1,76.146,1,3,1,131,low_value
665-63-9737,31,1,165.123,3,3,2,332,loyal
667-23-5919,75,1,507.675,1,3,4,134,others
667-92-0055,26,1,628.929,3,3,4,334,loyal
668-90-8900,20,1,688.6215,4,3,4,434,loyal
669-54-1719,48,1,119.259,2,3,1,231,low_value
670-71-7306,87,1,281.169,1,3,3,133,others
670-79-6321,72,1,695.2365,1,3,4,134,others
672-51-8681,85,1,629.8425,1,3,4,134,others
674-15-9296,81,1,194.985,1,3,2,132,low_value
674-56-6360,8,1,99.9075,4,3,1,431,loyal
676-10-2200,55,1,56.469,2,3,1,231,low_value
676-39-6028,0,1,338.31,4,3,3,433,loyal
677-11-0152,73,1,881.307,1,3,4,134,others
678-79-0726,71,1,856.4535,1,3,4,134,others
679-22-6530,72,1,85.302,1,3,1,131,low_value
685-64-1609,48,1,316.47,2,3,3,233,others
686-41-0932,17,1,72.87,4,3,1,431,loyal
687-15-1097,86,1,44.352,1,3,1,131,low_value
687-47-8271,50,1,1039.29,2,3,4,234,others
689-05-1884,26,1,510.615,3,3,4,334,loyal
689-16-9784,19,1,294.651,4,3,3,433,loyal
690-01-6631,36,1,183.645,3,3,2,332,loyal
692-27-8933,34,1,365.085,3,3,3,333,loyal
692-92-5582,38,1,172.746,3,3,2,332,loyal
695-09-5146,35,1,311.1885,3,3,3,333,loyal
695-28-6250,54,1,226.065,2,3,2,232,low_value
695-51-0018,48,1,146.328,2,3,2,232,low_value
696-90-2548,20,1,81.396,4,3,1,431,loyal
698-98-5964,72,1,852.705,1,3,4,134,others
699-01-4164,18,1,174.3,4,3,2,432,loyal
699-14-3026,5,1,627.6165,4,3,4,434,loyal
699-88-1972,61,1,832.944,2,3,4,234,others
700-81-1757,71,1,138.1275,1,3,2,132,low_value
701-23-5550,11,1,163.002,4,3,2,432,loyal
701-69-8742,14,1,360.885,4,3,3,433,loyal
702-72-0487,32,1,97.881,3,3,1,331,loyal
702-83-5291,3,1,943.299,4,3,4,434,loyal
704-10-4056,75,1,190.4805,1,3,2,132,low_value
704-11-6354,83,1,494.76,1,3,4,134,others
704-20-4138,19,1,218.0745,4,3,2,432,loyal
704-48-3927,77,1,931.035,1,3,4,134,others
706-36-6154,71,1,182.952,1,3,2,132,low_value
707-32-7409,32,1,401.268,3,3,3,333,loyal
709-58-4068,30,1,431.445,3,3,3,333,loyal
710-46-4433,43,1,731.43,3,3,4,334,loyal
711-31-1234,14,1,401.688,4,3,3,433,loyal
712-39-0363,87,1,262.458,1,3,3,133,others
714-02-3114,37,1,207.48,3,4,2,342,loyal
715-20-1673,24,1,148.995,3,4,2,342,loyal
716-39-1409,11,1,223.0725,4,4,2,442,champion
717-96-4189,56,1,223.587,2,4,2,242,low_value
718-57-9773,55,1,517.965,2,4,4,244,others
719-76-3868,18,1,395.892,4,4,3,443,champion
719-89-8991,33,1,479.9025,3,4,4,344,loyal
720-72-2436,28,1,279.384,3,4,3,343,loyal
721-86-6247,19,1,532.728,4,4,4,444,champion
722-13-2115,16,1,44.9925,4,4,1,441,champion
725-32-9708,85,1,288.582,1,4,3,143,others
725-54-0677,28,1,629.16,3,4,4,344,loyal
725-56-0833,38,1,339.36,3,4,3,343,loyal
725-67-2480,6,1,370.125,4,4,3,443,champion
725-96-3778,69,1,749.7,1,4,4,144,others
726-27-2396,65,1,406.875,2,4,3,243,others
726-29-6793,61,1,203.112,2,4,2,242,low_value
727-02-1313,49,1,33.432,2,4,1,241,low_value
727-17-0390,14,1,333.9525,4,4,3,443,champion
727-46-3608,52,1,189.0945,2,4,2,242,low_value
727-75-6477,1,1,121.128,4,4,1,441,champion
728-47-9078,70,1,250.278,1,4,2,142,low_value
728-88-7867,11,1,317.226,4,4,3,443,champion
729-06-2010,83,1,760.4415,1,4,4,144,others
729-09-9681,53,1,163.233,2,4,2,242,low_value
729-46-7422,35,1,37.6845,3,4,1,341,loyal
730-50-9884,25,1,610.491,3,4,4,344,loyal
730-61-8757,64,1,214.746,2,4,2,242,low_value
730-70-9830,16,1,441.693,4,4,3,443,champion
731-14-2199,85,1,373.17,1,4,3,143,others
731-59-7531,0,1,609.588,4,4,4,444,champion
731-81-9469,66,1,942.9,1,4,4,144,others
732-04-5373,50,1,195.174,2,4,2,242,low_value
732-67-5346,78,1,72.3975,1,4,1,141,low_value
732-94-0499,76,1,437.325,1,4,3,143,others
733-01-9107,25,1,521.01,3,4,4,344,loyal
733-29-1227,7,1,408.7335,4,4,3,443,champion
733-33-4967,27,1,175.14,3,4,2,342,loyal
734-91-1155,4,1,143.9865,4,4,2,442,champion
735-06-4124,33,1,51.0405,3,4,1,341,loyal
735-32-9839,58,1,829.08,2,4,4,244,others
737-88-5876,11,1,97.818,4,4,1,441,champion
740-11-5257,34,1,259.77,3,4,3,343,loyal
740-22-2500,66,1,264.7575,1,4,3,143,others
741-73-3559,31,1,353.1675,3,4,3,343,loyal
742-04-5161,55,1,764.19,2,4,4,244,others
743-04-1105,0,1,918.729,4,4,4,444,champion
743-88-1662,36,1,701.8515,3,4,4,344,loyal
744-02-5987,79,1,493.794,1,4,4,144,others
744-09-5786,87,1,138.663,1,4,2,142,low_value
744-16-7898,74,1,1022.385,1,4,4,144,others
744-82-9138,51,1,180.873,2,4,2,242,low_value
745-71-3520,54,1,185.367,2,4,2,242,low_value
745-74-0715,20,1,121.863,4,4,1,441,champion
746-04-1077,88,1,888.615,1,4,4,144,others
746-19-0921,49,1,22.659,2,4,1,241,low_value
746-54-5508,72,1,135.576,1,4,2,142,low_value
746-68-6593,78,1,183.036,1,4,2,142,low_value
746-94-0204,60,1,786.618,2,4,4,244,others
747-58-7183,49,1,180.4005,2,4,2,242,low_value
748-45-2862,23,1,118.902,3,4,1,341,loyal
749-24-1565,86,1,217.6335,1,4,2,142,low_value
749-81-8133,19,1,397.614,4,4,3,443,champion
750-57-9686,81,1,190.596,1,4,2,142,low_value
750-67-8428,84,1,548.9715,1,4,4,144,others
751-15-6198,77,1,144.963,1,4,2,142,low_value
751-41-9720,77,1,1023.75,1,4,4,144,others
751-69-0068,11,1,937.818,4,4,4,444,champion
752-23-3760,39,1,470.988,3,4,3,343,loyal
755-12-3214,25,1,232.155,3,4,2,342,loyal
756-01-7507,67,1,106.995,1,4,1,141,low_value
756-49-0168,50,1,20.685,2,4,1,241,low_value
756-93-1854,56,1,175.035,2,4,2,242,low_value
759-29-9521,26,1,462.672,3,4,3,343,loyal
759-98-4285,31,1,631.1445,3,4,4,344,loyal
760-27-5490,69,1,131.208,1,4,2,142,low_value
760-53-9233,4,1,130.032,4,4,2,442,champion
760-54-1821,15,1,128.4255,4,4,2,442,champion
760-90-2357,10,1,469.413,4,4,3,443,champion
761-49-0439,70,1,101.64,1,4,1,141,low_value
764-44-8999,40,1,30.996,3,4,1,341,loyal
765-26-6951,88,1,457.443,1,4,3,143,others
766-85-7061,1,1,922.635,4,4,4,444,champion
767-05-1286,66,1,527.751,1,4,4,144,others
767-54-1907,45,1,155.19,3,4,2,342,loyal
767-97-4650,81,1,136.143,1,4,2,142,low_value
770-42-8960,88,1,177.408,1,4,2,142,low_value
775-72-1988,65,1,384.72,2,4,3,243,others
776-68-1096,12,1,138.978,4,4,2,442,champion
777-67-2495,36,1,217.2555,3,4,2,342,loyal
777-82-7220,27,1,253.008,3,4,2,342,loyal
778-34-2523,65,1,408.408,2,4,3,243,others
778-71-5554,64,1,16.2015,2,4,1,241,low_value
778-89-7974,0,1,442.323,4,4,3,443,champion
779-06-0012,70,1,93.0405,1,4,1,141,low_value
779-42-2410,38,1,181.881,3,4,2,342,loyal
781-84-8059,71,1,446.439,1,4,3,143,others
782-95-9291,38,1,484.5225,3,4,4,344,loyal
783-09-1637,24,1,354.0075,3,4,3,343,loyal
784-08-0310,76,1,88.368,1,4,1,141,low_value
784-21-9238,51,1,10.6785,2,4,1,241,low_value
785-13-7708,75,1,536.991,1,4,4,144,others
785-96-0615,41,1,300.216,3,4,3,343,loyal
786-94-2700,30,1,507.906,3,4,4,344,loyal
787-15-1757,40,1,185.094,3,4,2,342,loyal
787-56-0757,35,1,337.512,3,4,3,343,loyal
787-87-2010,69,1,233.1,1,4,2,142,low_value
788-07-8452,62,1,178.164,2,4,2,242,low_value
788-21-5741,41,1,142.947,3,4,2,342,loyal
789-23-8625,65,1,293.643,2,4,3,243,others
790-29-1172,20,1,180.621,4,4,2,442,champion
790-38-4466,66,1,57.6975,1,4,1,141,low_value
793-10-3222,25,1,258.678,3,4,3,343,loyal
794-32-2436,3,1,116.907,4,4,1,441,champion
794-42-3736,63,1,69.993,2,4,1,241,low_value
795-49-7276,7,1,156.03,4,4,2,442,champion
796-12-2025,47,1,652.26,2,4,4,244,others
796-32-9050,70,1,323.064,1,4,3,143,others
797-88-0493,4,1,269.934,4,4,3,443,champion
799-71-1548,82,1,326.424,1,4,3,143,others
800-09-8606,60,1,458.6925,2,4,3,243,others
801-88-0346,84,1,239.589,1,4,2,142,low_value
802-43-8934,8,1,19.194,4,4,1,441,champion
802-70-5316,24,1,580.419,3,4,4,344,loyal
803-17-8013,41,1,745.836,3,4,4,344,loyal
803-83-5989,34,1,351.099,3,4,3,343,loyal
804-38-3935,59,1,295.407,2,4,3,243,others
805-86-0265,10,1,887.922,4,4,4,444,champion
807-14-7833,36,1,182.91,3,4,2,342,loyal
807-34-3742,4,1,54.999,4,4,1,441,champion
808-65-0703,16,1,148.974,4,4,2,442,champion
809-46-1866,66,1,244.23,1,4,2,142,low_value
809-69-9497,70,1,479.64,1,4,4,144,others
810-60-6344,51,1,343.224,2,4,3,243,others
811-03-8790,29,1,477.54,3,4,4,344,loyal
811-35-1094,52,1,317.835,2,4,3,243,others
815-04-6282,50,1,341.0925,2,4,3,243,others
815-11-1168,21,1,523.845,4,4,4,444,champion
816-57-2053,21,1,127.827,4,4,2,442,champion
816-72-8853,60,1,146.6325,2,4,2,242,low_value
817-48-8732,69,1,759.675,1,4,4,144,others
817-69-8206,28,1,942.4485,3,4,4,344,loyal
821-07-3596,23,1,69.09,3,4,1,341,loyal
821-14-9046,71,1,110.124,1,4,1,141,low_value
824-88-3614,64,1,288.204,2,4,3,243,others
825-94-5922,28,1,53.151,3,4,1,341,loyal
826-58-8051,83,1,261.198,1,4,3,143,others
827-26-2100,9,1,319.788,4,4,3,443,champion
827-44-5872,51,1,570.78,2,4,4,244,others
827-77-7633,41,1,926.9505,3,4,4,344,loyal
828-46-6863,66,1,620.739,1,4,4,144,others
828-61-5674,10,1,462.21,4,4,3,443,champion
829-34-3910,1,1,749.49,4,4,4,444,champion
829-49-1914,25,1,822.255,3,4,4,344,loyal
830-58-2383,50,1,133.35,2,4,2,242,low_value
831-07-6050,11,1,171.7275,4,4,2,442,champion
831-64-0259,36,1,208.6875,3,4,2,342,loyal
831-81-6575,35,1,714.3255,3,4,4,344,loyal
832-51-6761,70,1,284.592,1,4,3,143,others
834-25-9262,83,1,343.056,1,4,3,143,others
834-45-5519,58,1,180.6,2,4,2,242,low_value
834-61-8124,63,1,379.9215,2,4,3,243,others
834-83-1826,33,1,430.71,3,4,3,343,loyal
835-16-0096,6,1,77.175,4,4,1,441,champion
836-82-5858,63,1,655.5465,2,4,4,244,others
837-55-7229,36,1,49.812,3,4,1,341,loyal
838-02-1821,36,1,26.733,3,4,1,341,loyal
838-78-4295,48,1,70.287,2,4,1,241,low_value
840-19-2096,16,1,461.5275,4,4,3,443,champion
840-76-5966,81,1,26.796,1,4,1,141,low_value
841-18-8232,84,1,74.76,1,4,1,141,low_value
841-35-6630,21,1,478.233,4,4,4,444,champion
842-29-4695,73,1,125.979,1,4,2,142,low_value
842-40-8179,47,1,810.6,2,4,4,244,others
843-01-4703,84,1,334.341,1,4,3,143,others
843-73-4724,64,1,77.805,2,4,1,241,low_value
845-51-0542,56,1,439.8975,2,4,3,243,others
845-94-6841,81,1,688.716,1,4,4,144,others
846-10-0341,83,1,312.8895,1,4,3,143,others
847-38-7188,63,1,304.542,2,4,3,243,others
848-07-1692,77,1,120.162,1,4,1,141,low_value
848-24-9445,4,1,91.77,4,4,1,441,champion
848-42-2560,25,1,172.011,3,4,2,342,loyal
848-62-7243,15,1,235.2105,4,4,2,442,champion
848-95-6252,38,1,90.5835,3,4,1,341,loyal
849-09-3807,40,1,649.299,3,4,4,344,loyal
850-41-9669,11,1,709.317,4,4,4,444,champion
851-28-6367,7,1,162.75,4,4,2,442,champion
851-98-3555,6,1,435.12,4,4,3,443,champion
852-62-7105,77,1,874.125,1,4,4,144,others
852-82-2749,83,1,271.278,1,4,3,143,others
853-23-2453,44,1,318.108,3,4,3,343,loyal
856-22-8149,7,1,26.5545,4,4,1,441,champion
856-66-2701,64,1,167.895,2,4,2,242,low_value
857-16-3520,2,1,525.231,4,4,4,444,champion
857-67-9057,52,1,240.975,2,4,2,242,low_value
859-71-0933,73,1,32.529,1,4,1,141,low_value
859-97-6048,4,1,176.925,4,4,2,442,champion
860-73-6466,28,1,82.887,3,4,1,341,loyal
860-79-0874,43,1,1042.65,3,4,4,344,loyal
861-77-0145,27,1,860.685,3,4,4,344,loyal
862-17-9201,60,1,529.515,2,4,4,244,others
862-29-5914,59,1,23.499,2,4,1,241,low_value
862-59-8517,62,1,568.512,2,4,4,244,others
864-24-7918,36,1,257.145,3,4,3,343,loyal
865-41-9075,61,1,84.7455,2,4,1,241,low_value
865-92-6136,7,1,166.1625,4,4,2,442,champion
866-05-7563,49,1,256.41,2,4,3,243,others
866-70-2814,33,1,554.295,3,4,4,344,loyal
866-99-7614,47,1,936.6,2,4,4,244,others
867-47-1948,80,1,165.9,1,4,2,142,low_value
868-06-0466,39,1,657.531,3,4,4,344,loyal
868-52-7573,75,1,523.3725,1,4,4,144,others
868-81-1752,51,1,208.089,2,4,2,242,low_value
869-11-3082,62,1,403.872,2,4,3,243,others
870-54-3162,62,1,169.3125,2,4,2,242,low_value
870-72-4431,68,1,624.897,1,4,4,144,others
870-76-1733,57,1,74.7075,2,4,1,241,low_value
871-39-9221,49,1,78.435,2,4,1,241,low_value
871-79-8483,33,1,494.1825,3,4,4,344,loyal
873-14-6353,42,1,182.427,3,4,2,342,loyal
873-51-0671,79,1,161.553,1,4,2,142,low_value
873-95-4984,43,1,565.215,3,4,4,344,loyal
875-31-8302,86,1,98.049,1,4,1,141,low_value
875-46-5808,52,1,271.95,2,4,3,243,others
877-22-3308,17,1,166.635,4,4,2,442,champion
878-30-2331,28,1,572.775,3,4,4,344,loyal
880-35-0356,53,1,236.88,2,4,2,242,low_value
880-46-5796,13,1,807.66,4,4,4,444,champion
881-41-7302,63,1,68.2395,2,4,1,241,low_value
882-40-4577,70,1,282.492,1,4,3,143,others
883-17-4236,28,1,30.219,3,4,1,341,loyal
883-69-1285,24,1,104.832,3,4,1,341,loyal
884-80-6021,7,1,771.435,4,4,4,444,champion
885-17-6250,24,1,83.727,3,4,1,341,loyal
885-56-0389,46,1,54.9675,2,4,1,241,low_value
886-18-2897,8,1,296.94,4,4,3,443,champion
886-54-6089,74,1,72.009,1,4,1,141,low_value
886-77-9084,39,1,603.876,3,4,4,344,loyal
887-42-0517,79,1,611.079,1,4,4,144,others
888-02-0338,64,1,247.8735,2,4,2,242,low_value
889-04-9723,82,1,374.388,1,4,3,143,others
891-01-7034,88,1,470.673,1,4,3,143,others
891-58-8335,19,1,217.6335,4,4,2,442,champion
892-05-6689,19,1,148.68,4,4,2,442,champion
894-41-5205,70,1,362.712,1,4,3,143,others
895-03-6665,42,1,345.0195,3,4,3,343,loyal
895-66-0685,25,1,56.952,3,4,1,341,loyal
896-34-0956,63,1,22.386,2,4,1,241,low_value
898-04-2717,11,1,721.98,4,4,4,444,champion
